store_id,region,product_id,category,total_revenue,revenue_percentage,cumulative_percentage,revenue_rank,abc_classification,management_strategy,total_units_sold,avg_selling_price,avg_inventory_level
S001,East,P0046,Clothing,315156.37,4.53,4.53,1,A,TIGHT_CONTROL,5986,52.17,150
S001,East,P0125,Clothing,278351.15,4.00,8.53,2,A,TIGHT_CONTROL,5201,54.11,154
S001,East,P0133,Clothing,277589.03,3.99,12.52,3,A,TIGHT_CONTROL,4802,53.47,156
S001,East,P0067,Furniture,277080.87,3.98,16.50,4,A,TIGHT_CONTROL,5276,51.97,146
S001,East,P0083,Toys,261086.79,3.75,20.25,5,A,TIGHT_CONTROL,5205,50.53,142
S001,East,P0166,Groceries,258736.93,3.72,23.97,6,A,TIGHT_CONTROL,4773,53.65,146
S001,East,P0126,Clothing,256066.13,3.68,27.65,7,A,TIGHT_CONTROL,4933,51.15,159
S001,East,P0068,Electronics,251902.68,3.62,31.27,8,A,TIGHT_CONTROL,4636,53.62,139
S001,East,P0116,Furniture,248421.37,3.57,34.84,9,A,TIGHT_CONTROL,4465,55.76,154
S001,East,P0129,Furniture,247983.92,3.56,38.40,10,A,TIGHT_CONTROL,5111,49.17,137
S001,East,P0017,Toys,243699.94,3.50,41.90,11,A,TIGHT_CONTROL,4771,49.72,140
S001,East,P0066,Clothing,242304.46,3.48,45.38,12,A,TIGHT_CONTROL,4623,51.35,159
S001,East,P0178,Clothing,239258.30,3.44,48.82,13,A,TIGHT_CONTROL,4398,55.29,158
S001,East,P0057,Clothing,238374.05,3.42,52.24,14,A,TIGHT_CONTROL,4783,52.70,168
S001,East,P0096,Toys,234476.69,3.37,55.61,15,A,TIGHT_CONTROL,4670,50.06,137
S001,East,P0171,Electronics,234345.10,3.37,58.98,16,A,TIGHT_CONTROL,4629,48.45,137
S001,East,P0153,Furniture,232276.67,3.34,62.32,17,A,TIGHT_CONTROL,4819,48.21,146
S001,East,P0016,Clothing,228837.64,3.29,65.61,18,A,TIGHT_CONTROL,5122,46.37,162
S001,East,P0061,Clothing,228251.06,3.28,68.89,19,A,TIGHT_CONTROL,4274,50.67,163
S001,East,P0187,Clothing,218752.19,3.14,72.03,20,A,TIGHT_CONTROL,4754,46.19,167
S001,East,P0031,Electronics,218472.61,3.14,75.17,21,A,TIGHT_CONTROL,3903,54.98,139
S001,East,P0175,Electronics,212889.92,3.06,78.23,22,A,TIGHT_CONTROL,4147,51.21,139
S001,East,P0079,Furniture,205221.68,2.95,81.18,23,B,MODERATE_CONTROL,4622,44.01,145
S001,East,P0183,Electronics,205076.41,2.95,84.13,24,B,MODERATE_CONTROL,3868,51.75,146
S001,East,P0085,Electronics,198991.98,2.86,86.99,25,B,MODERATE_CONTROL,4085,49.98,138
S001,East,P0069,Clothing,190038.90,2.73,89.72,26,B,MODERATE_CONTROL,3389,54.36,154
S001,East,P0094,Groceries,188980.25,2.72,92.44,27,B,MODERATE_CONTROL,3557,54.20,150
S001,East,P0070,Electronics,182063.07,2.62,95.06,28,C,BASIC_CONTROL,4257,44.92,140
S001,East,P0149,Furniture,177508.81,2.55,97.61,29,C,BASIC_CONTROL,3691,47.91,137
S001,East,P0159,Electronics,167806.98,2.41,100.02,30,C,BASIC_CONTROL,3381,50.20,143
S001,North,P0133,Clothing,305035.64,4.41,4.41,1,A,TIGHT_CONTROL,5574,55.91,146
S001,North,P0061,Clothing,300036.65,4.34,8.75,2,A,TIGHT_CONTROL,5885,51.47,166
S001,North,P0149,Furniture,281964.02,4.08,12.83,3,A,TIGHT_CONTROL,5183,52.45,153
S001,North,P0066,Clothing,278497.44,4.03,16.86,4,A,TIGHT_CONTROL,5236,50.80,147
S001,North,P0126,Clothing,268766.50,3.89,20.75,5,A,TIGHT_CONTROL,5117,53.92,161
S001,North,P0068,Electronics,267952.70,3.88,24.63,6,A,TIGHT_CONTROL,5080,51.10,140
S001,North,P0069,Clothing,263381.24,3.81,28.44,7,A,TIGHT_CONTROL,5554,50.04,154
S001,North,P0079,Furniture,248130.41,3.59,32.03,8,A,TIGHT_CONTROL,4370,56.96,139
S001,North,P0153,Furniture,241127.24,3.49,35.52,9,A,TIGHT_CONTROL,4714,51.57,142
S001,North,P0171,Electronics,238895.06,3.46,38.98,10,A,TIGHT_CONTROL,4253,57.48,139
S001,North,P0129,Furniture,238093.53,3.44,42.42,11,A,TIGHT_CONTROL,5041,46.44,150
S001,North,P0187,Clothing,235109.12,3.40,45.82,12,A,TIGHT_CONTROL,4472,53.58,159
S001,North,P0085,Electronics,234279.66,3.39,49.21,13,A,TIGHT_CONTROL,4317,53.76,137
S001,North,P0116,Furniture,233669.69,3.38,52.59,14,A,TIGHT_CONTROL,4691,50.47,149
S001,North,P0057,Clothing,232832.15,3.37,55.96,15,A,TIGHT_CONTROL,4774,48.41,160
S001,North,P0016,Clothing,229308.89,3.32,59.28,16,A,TIGHT_CONTROL,4241,52.08,145
S001,North,P0159,Electronics,228889.34,3.31,62.59,17,A,TIGHT_CONTROL,4418,49.99,138
S001,North,P0183,Electronics,226048.26,3.27,65.86,18,A,TIGHT_CONTROL,4297,52.75,142
S001,North,P0031,Electronics,224629.10,3.25,69.11,19,A,TIGHT_CONTROL,4236,52.65,144
S001,North,P0125,Clothing,217358.26,3.14,72.25,20,A,TIGHT_CONTROL,4922,46.56,155
S001,North,P0046,Clothing,215458.45,3.12,75.37,21,A,TIGHT_CONTROL,4109,50.84,151
S001,North,P0178,Clothing,209009.07,3.02,78.39,22,A,TIGHT_CONTROL,3940,53.96,158
S001,North,P0070,Electronics,204750.14,2.96,81.35,23,B,MODERATE_CONTROL,3905,52.91,125
S001,North,P0096,Toys,200758.04,2.90,84.25,24,B,MODERATE_CONTROL,4308,47.49,145
S001,North,P0166,Groceries,198827.81,2.88,87.13,25,B,MODERATE_CONTROL,4189,47.54,150
S001,North,P0083,Toys,191130.21,2.76,89.89,26,B,MODERATE_CONTROL,4033,48.10,144
S001,North,P0175,Electronics,182541.64,2.64,92.53,27,B,MODERATE_CONTROL,3147,58.24,139
S001,North,P0067,Furniture,177400.19,2.57,95.10,28,C,BASIC_CONTROL,3159,55.31,141
S001,North,P0094,Groceries,172467.78,2.49,97.59,29,C,BASIC_CONTROL,3917,46.00,151
S001,North,P0017,Toys,167377.76,2.42,100.01,30,C,BASIC_CONTROL,3758,45.44,141
S001,South,P0094,Groceries,327040.95,5.04,5.04,1,A,TIGHT_CONTROL,6235,50.13,144
S001,South,P0125,Clothing,280649.88,4.33,9.37,2,A,TIGHT_CONTROL,5133,55.03,150
S001,South,P0166,Groceries,278425.08,4.29,13.66,3,A,TIGHT_CONTROL,5144,55.59,151
S001,South,P0175,Electronics,258069.06,3.98,17.64,4,A,TIGHT_CONTROL,5147,47.94,136
S001,South,P0126,Clothing,247987.65,3.82,21.46,5,A,TIGHT_CONTROL,4550,53.24,156
S001,South,P0057,Clothing,247175.00,3.81,25.27,6,A,TIGHT_CONTROL,4670,51.54,162
S001,South,P0178,Clothing,244939.67,3.78,29.05,7,A,TIGHT_CONTROL,4802,50.18,148
S001,South,P0066,Clothing,239188.71,3.69,32.74,8,A,TIGHT_CONTROL,4058,57.68,163
S001,South,P0083,Toys,233732.10,3.60,36.34,9,A,TIGHT_CONTROL,4347,53.76,149
S001,South,P0079,Furniture,230930.77,3.56,39.90,10,A,TIGHT_CONTROL,4437,52.94,150
S001,South,P0069,Clothing,230641.25,3.55,43.45,11,A,TIGHT_CONTROL,4560,50.18,161
S001,South,P0061,Clothing,230499.02,3.55,47.00,12,A,TIGHT_CONTROL,5328,44.37,157
S001,South,P0116,Furniture,229102.94,3.53,50.53,13,A,TIGHT_CONTROL,4413,49.69,147
S001,South,P0133,Clothing,222575.27,3.43,53.96,14,A,TIGHT_CONTROL,4669,47.03,154
S001,South,P0046,Clothing,220163.06,3.39,57.35,15,A,TIGHT_CONTROL,4545,49.94,149
S001,South,P0016,Clothing,211197.04,3.26,60.61,16,A,TIGHT_CONTROL,4128,51.36,153
S001,South,P0159,Electronics,206625.48,3.18,63.79,17,A,TIGHT_CONTROL,4119,50.86,134
S001,South,P0187,Clothing,203392.52,3.13,66.92,18,A,TIGHT_CONTROL,3996,52.42,146
S001,South,P0129,Furniture,199950.72,3.08,70.00,19,A,TIGHT_CONTROL,3688,53.78,133
S001,South,P0070,Electronics,199090.59,3.07,73.07,20,A,TIGHT_CONTROL,3509,56.31,129
S001,South,P0017,Toys,196494.14,3.03,76.10,21,A,TIGHT_CONTROL,3803,50.78,139
S001,South,P0031,Electronics,194161.21,2.99,79.09,22,A,TIGHT_CONTROL,3592,54.14,134
S001,South,P0183,Electronics,192280.83,2.96,82.05,23,B,MODERATE_CONTROL,3559,53.23,141
S001,South,P0149,Furniture,186063.28,2.87,84.92,24,B,MODERATE_CONTROL,3698,51.65,133
S001,South,P0171,Electronics,181488.31,2.80,87.72,25,B,MODERATE_CONTROL,3402,51.55,137
S001,South,P0067,Furniture,172324.16,2.66,90.38,26,B,MODERATE_CONTROL,3310,53.26,144
S001,South,P0153,Furniture,170422.87,2.63,93.01,27,B,MODERATE_CONTROL,3729,45.81,154
S001,South,P0085,Electronics,168916.82,2.60,95.61,28,C,BASIC_CONTROL,3474,47.02,136
S001,South,P0096,Toys,158533.65,2.44,98.05,29,C,BASIC_CONTROL,3419,48.73,141
S001,South,P0068,Electronics,125744.30,1.94,99.99,30,C,BASIC_CONTROL,2641,49.00,120
S001,West,P0178,Clothing,324694.94,4.80,4.80,1,A,TIGHT_CONTROL,5726,54.78,154
S001,West,P0187,Clothing,316455.41,4.68,9.48,2,A,TIGHT_CONTROL,6385,50.83,168
S001,West,P0066,Clothing,292013.56,4.31,13.79,3,A,TIGHT_CONTROL,6149,49.16,165
S001,West,P0096,Toys,291239.83,4.30,18.09,4,A,TIGHT_CONTROL,5117,56.78,142
S001,West,P0057,Clothing,286403.03,4.23,22.32,5,A,TIGHT_CONTROL,5247,53.15,161
S001,West,P0069,Clothing,283171.13,4.18,26.50,6,A,TIGHT_CONTROL,5245,54.84,159
S001,West,P0067,Furniture,278674.84,4.12,30.62,7,A,TIGHT_CONTROL,5380,51.99,144
S001,West,P0183,Electronics,272972.24,4.03,34.65,8,A,TIGHT_CONTROL,4801,54.11,149
S001,West,P0016,Clothing,246921.78,3.65,38.30,9,A,TIGHT_CONTROL,4973,47.57,155
S001,West,P0133,Clothing,231483.63,3.42,41.72,10,A,TIGHT_CONTROL,4686,50.58,158
S001,West,P0149,Furniture,221733.25,3.28,45.00,11,A,TIGHT_CONTROL,4343,49.57,149
S001,West,P0031,Electronics,217195.81,3.21,48.21,12,A,TIGHT_CONTROL,4727,46.07,152
S001,West,P0046,Clothing,214668.43,3.17,51.38,13,A,TIGHT_CONTROL,4201,49.47,167
S001,West,P0126,Clothing,213347.60,3.15,54.53,14,A,TIGHT_CONTROL,4684,46.29,154
S001,West,P0153,Furniture,213262.29,3.15,57.68,15,A,TIGHT_CONTROL,4605,45.40,151
S001,West,P0085,Electronics,211556.40,3.13,60.81,16,A,TIGHT_CONTROL,3944,53.96,140
S001,West,P0061,Clothing,206895.45,3.06,63.87,17,A,TIGHT_CONTROL,4275,49.65,146
S001,West,P0017,Toys,205642.71,3.04,66.91,18,A,TIGHT_CONTROL,4670,45.53,145
S001,West,P0125,Clothing,201324.56,2.97,69.88,19,A,TIGHT_CONTROL,4244,49.54,159
S001,West,P0159,Electronics,197243.85,2.91,72.79,20,A,TIGHT_CONTROL,4142,47.94,133
S001,West,P0070,Electronics,193605.57,2.86,75.65,21,A,TIGHT_CONTROL,3765,53.42,149
S001,West,P0116,Furniture,193458.34,2.86,78.51,22,A,TIGHT_CONTROL,3650,54.14,137
S001,West,P0083,Toys,191738.87,2.83,81.34,23,B,MODERATE_CONTROL,3490,54.88,136
S001,West,P0094,Groceries,190618.23,2.82,84.16,24,B,MODERATE_CONTROL,4305,42.17,161
S001,West,P0166,Groceries,188852.16,2.79,86.95,25,B,MODERATE_CONTROL,3619,50.11,149
S001,West,P0171,Electronics,186068.16,2.75,89.70,26,B,MODERATE_CONTROL,3716,48.93,130
S001,West,P0175,Electronics,177618.41,2.62,92.32,27,B,MODERATE_CONTROL,3767,46.55,132
S001,West,P0079,Furniture,175345.48,2.59,94.91,28,B,MODERATE_CONTROL,3662,48.24,140
S001,West,P0068,Electronics,172555.34,2.55,97.46,29,C,BASIC_CONTROL,3372,50.02,125
S001,West,P0129,Furniture,171040.40,2.53,99.99,30,C,BASIC_CONTROL,3271,54.85,151
S002,East,P0066,Clothing,394242.04,5.86,5.86,1,A,TIGHT_CONTROL,6996,55.29,167
S002,East,P0133,Clothing,305048.66,4.54,10.40,2,A,TIGHT_CONTROL,5434,54.28,155
S002,East,P0016,Clothing,282677.55,4.20,14.60,3,A,TIGHT_CONTROL,5340,50.59,163
S002,East,P0061,Clothing,276294.39,4.11,18.71,4,A,TIGHT_CONTROL,5484,48.70,150
S002,East,P0017,Toys,269889.41,4.01,22.72,5,A,TIGHT_CONTROL,4643,58.30,142
S002,East,P0096,Toys,255730.64,3.80,26.52,6,A,TIGHT_CONTROL,4283,58.14,142
S002,East,P0187,Clothing,249820.31,3.72,30.24,7,A,TIGHT_CONTROL,4738,52.07,153
S002,East,P0094,Groceries,245881.00,3.66,33.90,8,A,TIGHT_CONTROL,5131,47.96,139
S002,East,P0125,Clothing,241003.10,3.58,37.48,9,A,TIGHT_CONTROL,4576,52.38,146
S002,East,P0149,Furniture,240809.54,3.58,41.06,10,A,TIGHT_CONTROL,4740,49.54,149
S002,East,P0159,Electronics,234089.96,3.48,44.54,11,A,TIGHT_CONTROL,4696,51.36,136
S002,East,P0166,Groceries,227643.79,3.39,47.93,12,A,TIGHT_CONTROL,4275,54.35,153
S002,East,P0070,Electronics,224194.72,3.33,51.26,13,A,TIGHT_CONTROL,4684,47.14,135
S002,East,P0067,Furniture,216904.69,3.23,54.49,14,A,TIGHT_CONTROL,4728,45.15,146
S002,East,P0046,Clothing,216266.71,3.22,57.71,15,A,TIGHT_CONTROL,4788,44.80,158
S002,East,P0178,Clothing,213522.62,3.18,60.89,16,A,TIGHT_CONTROL,4471,47.97,145
S002,East,P0183,Electronics,212308.32,3.16,64.05,17,A,TIGHT_CONTROL,4566,48.51,144
S002,East,P0129,Furniture,210087.99,3.12,67.17,18,A,TIGHT_CONTROL,4250,50.48,139
S002,East,P0057,Clothing,209050.23,3.11,70.28,19,A,TIGHT_CONTROL,3808,55.39,145
S002,East,P0126,Clothing,203872.72,3.03,73.31,20,A,TIGHT_CONTROL,3701,55.81,134
S002,East,P0068,Electronics,200580.70,2.98,76.29,21,A,TIGHT_CONTROL,4015,50.84,139
S002,East,P0171,Electronics,197950.29,2.94,79.23,22,A,TIGHT_CONTROL,3459,57.67,141
S002,East,P0116,Furniture,195820.71,2.91,82.14,23,B,MODERATE_CONTROL,3583,56.63,146
S002,East,P0175,Electronics,193601.32,2.88,85.02,24,B,MODERATE_CONTROL,3715,54.05,137
S002,East,P0069,Clothing,188216.94,2.80,87.82,25,B,MODERATE_CONTROL,3770,51.36,151
S002,East,P0083,Toys,174931.94,2.60,90.42,26,B,MODERATE_CONTROL,3742,47.64,138
S002,East,P0153,Furniture,171294.70,2.55,92.97,27,B,MODERATE_CONTROL,3430,49.45,143
S002,East,P0085,Electronics,170349.44,2.53,95.50,28,C,BASIC_CONTROL,3519,49.52,127
S002,East,P0079,Furniture,162497.85,2.42,97.92,29,C,BASIC_CONTROL,3859,45.71,144
S002,East,P0031,Electronics,138723.21,2.06,99.98,30,C,BASIC_CONTROL,3619,38.66,141
S002,North,P0125,Clothing,303444.10,4.45,4.45,1,A,TIGHT_CONTROL,5882,50.65,154
S002,North,P0133,Clothing,302119.11,4.43,8.88,2,A,TIGHT_CONTROL,5529,55.08,156
S002,North,P0187,Clothing,274537.59,4.02,12.90,3,A,TIGHT_CONTROL,5183,54.60,152
S002,North,P0057,Clothing,265817.69,3.90,16.80,4,A,TIGHT_CONTROL,5014,52.98,149
S002,North,P0085,Electronics,265295.29,3.89,20.69,5,A,TIGHT_CONTROL,5322,50.54,144
S002,North,P0178,Clothing,257720.36,3.78,24.47,6,A,TIGHT_CONTROL,4968,51.81,157
S002,North,P0061,Clothing,255104.37,3.74,28.21,7,A,TIGHT_CONTROL,4907,53.51,160
S002,North,P0079,Furniture,254856.59,3.74,31.95,8,A,TIGHT_CONTROL,4772,53.98,137
S002,North,P0067,Furniture,250975.91,3.68,35.63,9,A,TIGHT_CONTROL,4978,51.43,146
S002,North,P0069,Clothing,248449.25,3.64,39.27,10,A,TIGHT_CONTROL,4829,52.70,141
S002,North,P0149,Furniture,246074.87,3.61,42.88,11,A,TIGHT_CONTROL,4892,48.45,136
S002,North,P0046,Clothing,242766.11,3.56,46.44,12,A,TIGHT_CONTROL,4467,54.23,155
S002,North,P0166,Groceries,241962.27,3.55,49.99,13,A,TIGHT_CONTROL,4454,52.94,145
S002,North,P0153,Furniture,238772.19,3.50,53.49,14,A,TIGHT_CONTROL,4339,56.65,138
S002,North,P0183,Electronics,234284.52,3.43,56.92,15,A,TIGHT_CONTROL,4947,47.97,145
S002,North,P0070,Electronics,223890.63,3.28,60.20,16,A,TIGHT_CONTROL,4810,45.49,142
S002,North,P0017,Toys,222776.00,3.26,63.46,17,A,TIGHT_CONTROL,4195,54.03,146
S002,North,P0171,Electronics,218519.16,3.20,66.66,18,A,TIGHT_CONTROL,4411,49.24,140
S002,North,P0126,Clothing,205916.77,3.02,69.68,19,A,TIGHT_CONTROL,4056,51.90,153
S002,North,P0096,Toys,202931.10,2.97,72.65,20,A,TIGHT_CONTROL,3801,54.00,144
S002,North,P0016,Clothing,202864.87,2.97,75.62,21,A,TIGHT_CONTROL,4583,43.79,149
S002,North,P0116,Furniture,197917.11,2.90,78.52,22,A,TIGHT_CONTROL,3960,50.30,143
S002,North,P0159,Electronics,196680.78,2.88,81.40,23,B,MODERATE_CONTROL,3997,48.67,139
S002,North,P0175,Electronics,194514.39,2.85,84.25,24,B,MODERATE_CONTROL,3804,51.94,139
S002,North,P0066,Clothing,184977.76,2.71,86.96,25,B,MODERATE_CONTROL,3426,52.39,146
S002,North,P0083,Toys,183732.65,2.69,89.65,26,B,MODERATE_CONTROL,3840,49.32,140
S002,North,P0031,Electronics,182760.84,2.68,92.33,27,B,MODERATE_CONTROL,3504,54.13,135
S002,North,P0129,Furniture,178515.25,2.62,94.95,28,B,MODERATE_CONTROL,3373,51.96,140
S002,North,P0068,Electronics,176667.49,2.59,97.54,29,C,BASIC_CONTROL,3704,48.39,146
S002,North,P0094,Groceries,168472.55,2.47,100.01,30,C,BASIC_CONTROL,3215,51.30,152
S002,South,P0057,Clothing,306659.77,4.50,4.50,1,A,TIGHT_CONTROL,6030,50.82,166
S002,South,P0031,Electronics,300294.01,4.41,8.91,2,A,TIGHT_CONTROL,5635,53.68,143
S002,South,P0125,Clothing,274666.72,4.03,12.94,3,A,TIGHT_CONTROL,4644,58.68,147
S002,South,P0178,Clothing,270602.52,3.97,16.91,4,A,TIGHT_CONTROL,4798,56.63,159
S002,South,P0126,Clothing,265955.76,3.90,20.81,5,A,TIGHT_CONTROL,5204,52.88,157
S002,South,P0066,Clothing,264107.55,3.88,24.69,6,A,TIGHT_CONTROL,5024,51.83,163
S002,South,P0187,Clothing,257917.03,3.78,28.47,7,A,TIGHT_CONTROL,5268,49.59,158
S002,South,P0096,Toys,252848.70,3.71,32.18,8,A,TIGHT_CONTROL,4552,51.87,147
S002,South,P0079,Furniture,249893.68,3.67,35.85,9,A,TIGHT_CONTROL,4551,54.84,146
S002,South,P0046,Clothing,249284.40,3.66,39.51,10,A,TIGHT_CONTROL,4969,50.83,149
S002,South,P0016,Clothing,241832.03,3.55,43.06,11,A,TIGHT_CONTROL,4959,48.49,155
S002,South,P0069,Clothing,241114.56,3.54,46.60,12,A,TIGHT_CONTROL,4786,50.43,150
S002,South,P0171,Electronics,237058.83,3.48,50.08,13,A,TIGHT_CONTROL,4772,52.13,142
S002,South,P0116,Furniture,236267.78,3.47,53.55,14,A,TIGHT_CONTROL,4700,50.39,139
S002,South,P0017,Toys,227060.43,3.33,56.88,15,A,TIGHT_CONTROL,4642,49.10,152
S002,South,P0094,Groceries,221462.95,3.25,60.13,16,A,TIGHT_CONTROL,4681,48.07,156
S002,South,P0166,Groceries,216489.27,3.18,63.31,17,A,TIGHT_CONTROL,4273,52.12,149
S002,South,P0067,Furniture,213625.72,3.13,66.44,18,A,TIGHT_CONTROL,3914,54.99,137
S002,South,P0083,Toys,213564.06,3.13,69.57,19,A,TIGHT_CONTROL,4128,50.78,149
S002,South,P0061,Clothing,212299.08,3.12,72.69,20,A,TIGHT_CONTROL,4518,50.03,165
S002,South,P0153,Furniture,212227.93,3.11,75.80,21,A,TIGHT_CONTROL,4278,49.39,147
S002,South,P0159,Electronics,206111.11,3.02,78.82,22,A,TIGHT_CONTROL,4570,46.38,138
S002,South,P0129,Furniture,202632.68,2.97,81.79,23,B,MODERATE_CONTROL,4185,48.74,143
S002,South,P0175,Electronics,199587.34,2.93,84.72,24,B,MODERATE_CONTROL,3862,50.51,148
S002,South,P0149,Furniture,188673.35,2.77,87.49,25,B,MODERATE_CONTROL,3744,49.14,140
S002,South,P0133,Clothing,186949.19,2.74,90.23,26,B,MODERATE_CONTROL,4224,47.30,152
S002,South,P0183,Electronics,177098.46,2.60,92.83,27,B,MODERATE_CONTROL,3254,56.32,131
S002,South,P0070,Electronics,171160.64,2.51,95.34,28,C,BASIC_CONTROL,3440,51.26,137
S002,South,P0068,Electronics,164007.49,2.41,97.75,29,C,BASIC_CONTROL,3257,51.65,127
S002,South,P0085,Electronics,153149.78,2.25,100.00,30,C,BASIC_CONTROL,3068,49.77,138
S002,West,P0083,Toys,320129.80,4.82,4.82,1,A,TIGHT_CONTROL,5631,55.47,149
S002,West,P0166,Groceries,281804.21,4.24,9.06,2,A,TIGHT_CONTROL,4915,57.35,152
S002,West,P0126,Clothing,257673.90,3.88,12.94,3,A,TIGHT_CONTROL,5102,50.50,145
S002,West,P0057,Clothing,255151.50,3.84,16.78,4,A,TIGHT_CONTROL,4721,52.33,158
S002,West,P0094,Groceries,252419.25,3.80,20.58,5,A,TIGHT_CONTROL,4761,52.24,138
S002,West,P0046,Clothing,252378.87,3.80,24.38,6,A,TIGHT_CONTROL,4760,51.34,149
S002,West,P0175,Electronics,249466.84,3.76,28.14,7,A,TIGHT_CONTROL,4898,50.48,136
S002,West,P0069,Clothing,249458.66,3.76,31.90,8,A,TIGHT_CONTROL,4675,51.27,161
S002,West,P0016,Clothing,245590.08,3.70,35.60,9,A,TIGHT_CONTROL,5204,49.48,179
S002,West,P0068,Electronics,242386.67,3.65,39.25,10,A,TIGHT_CONTROL,4639,52.02,133
S002,West,P0096,Toys,242262.03,3.65,42.90,11,A,TIGHT_CONTROL,4760,52.68,155
S002,West,P0129,Furniture,236095.59,3.55,46.45,12,A,TIGHT_CONTROL,5016,47.81,142
S002,West,P0153,Furniture,225532.61,3.40,49.85,13,A,TIGHT_CONTROL,4306,53.43,133
S002,West,P0085,Electronics,223890.73,3.37,53.22,14,A,TIGHT_CONTROL,4260,51.19,144
S002,West,P0061,Clothing,223758.04,3.37,56.59,15,A,TIGHT_CONTROL,4623,49.17,159
S002,West,P0133,Clothing,220892.29,3.33,59.92,16,A,TIGHT_CONTROL,4220,52.98,150
S002,West,P0159,Electronics,220820.98,3.32,63.24,17,A,TIGHT_CONTROL,3896,56.61,149
S002,West,P0187,Clothing,216686.08,3.26,66.50,18,A,TIGHT_CONTROL,4119,51.69,150
S002,West,P0178,Clothing,215940.76,3.25,69.75,19,A,TIGHT_CONTROL,4954,42.61,157
S002,West,P0066,Clothing,207977.17,3.13,72.88,20,A,TIGHT_CONTROL,4107,51.46,162
S002,West,P0017,Toys,207631.07,3.13,76.01,21,A,TIGHT_CONTROL,3775,56.56,132
S002,West,P0116,Furniture,194553.27,2.93,78.94,22,A,TIGHT_CONTROL,4154,45.99,143
S002,West,P0079,Furniture,190827.35,2.87,81.81,23,B,MODERATE_CONTROL,3787,48.66,146
S002,West,P0171,Electronics,184228.13,2.77,84.58,24,B,MODERATE_CONTROL,3768,49.42,137
S002,West,P0125,Clothing,184174.30,2.77,87.35,25,B,MODERATE_CONTROL,4095,46.58,166
S002,West,P0067,Furniture,182425.89,2.75,90.10,26,B,MODERATE_CONTROL,3773,49.27,137
S002,West,P0183,Electronics,167494.09,2.52,92.62,27,B,MODERATE_CONTROL,3522,47.74,141
S002,West,P0149,Furniture,167063.19,2.52,95.14,28,C,BASIC_CONTROL,3704,45.04,132
S002,West,P0031,Electronics,162786.84,2.45,97.59,29,C,BASIC_CONTROL,3679,44.73,144
S002,West,P0070,Electronics,160038.99,2.41,100.00,30,C,BASIC_CONTROL,3463,47.80,132
S003,East,P0016,Clothing,312166.61,4.64,4.64,1,A,TIGHT_CONTROL,6246,49.32,158
S003,East,P0070,Electronics,310021.55,4.61,9.25,2,A,TIGHT_CONTROL,5817,51.93,148
S003,East,P0126,Clothing,270895.85,4.02,13.27,3,A,TIGHT_CONTROL,5226,51.64,156
S003,East,P0094,Groceries,270030.78,4.01,17.28,4,A,TIGHT_CONTROL,4759,55.91,143
S003,East,P0125,Clothing,269272.52,4.00,21.28,5,A,TIGHT_CONTROL,5871,45.49,164
S003,East,P0116,Furniture,268649.47,3.99,25.27,6,A,TIGHT_CONTROL,4966,54.23,142
S003,East,P0187,Clothing,263506.27,3.92,29.19,7,A,TIGHT_CONTROL,5554,47.45,162
S003,East,P0061,Clothing,250044.57,3.72,32.91,8,A,TIGHT_CONTROL,5095,49.37,153
S003,East,P0159,Electronics,247869.68,3.68,36.59,9,A,TIGHT_CONTROL,5107,48.70,140
S003,East,P0183,Electronics,244761.68,3.64,40.23,10,A,TIGHT_CONTROL,4443,55.23,142
S003,East,P0017,Toys,242770.26,3.61,43.84,11,A,TIGHT_CONTROL,4644,51.27,141
S003,East,P0069,Clothing,239994.84,3.57,47.41,12,A,TIGHT_CONTROL,4593,52.82,149
S003,East,P0178,Clothing,230233.11,3.42,50.83,13,A,TIGHT_CONTROL,4149,56.31,149
S003,East,P0096,Toys,221944.45,3.30,54.13,14,A,TIGHT_CONTROL,3817,59.48,146
S003,East,P0079,Furniture,220122.71,3.27,57.40,15,A,TIGHT_CONTROL,4274,53.73,132
S003,East,P0068,Electronics,218021.52,3.24,60.64,16,A,TIGHT_CONTROL,4198,51.98,140
S003,East,P0166,Groceries,216001.90,3.21,63.85,17,A,TIGHT_CONTROL,4002,52.62,153
S003,East,P0085,Electronics,215043.98,3.20,67.05,18,A,TIGHT_CONTROL,3878,56.11,131
S003,East,P0057,Clothing,203790.56,3.03,70.08,19,A,TIGHT_CONTROL,3772,52.55,163
S003,East,P0066,Clothing,203675.84,3.03,73.11,20,A,TIGHT_CONTROL,3744,54.75,149
S003,East,P0133,Clothing,201897.01,3.00,76.11,21,A,TIGHT_CONTROL,4007,50.06,151
S003,East,P0149,Furniture,196980.18,2.93,79.04,22,A,TIGHT_CONTROL,3883,49.98,142
S003,East,P0175,Electronics,195486.74,2.90,81.94,23,B,MODERATE_CONTROL,3981,48.98,144
S003,East,P0031,Electronics,190359.80,2.83,84.77,24,B,MODERATE_CONTROL,3688,51.45,131
S003,East,P0067,Furniture,187574.02,2.79,87.56,25,B,MODERATE_CONTROL,3830,48.77,144
S003,East,P0046,Clothing,186298.43,2.77,90.33,26,B,MODERATE_CONTROL,4123,45.78,161
S003,East,P0153,Furniture,184128.02,2.74,93.07,27,B,MODERATE_CONTROL,3364,53.38,132
S003,East,P0083,Toys,169010.56,2.51,95.58,28,C,BASIC_CONTROL,3273,51.88,145
S003,East,P0171,Electronics,165827.50,2.46,98.04,29,C,BASIC_CONTROL,3183,51.07,140
S003,East,P0129,Furniture,134238.61,1.99,100.03,30,C,BASIC_CONTROL,3217,44.48,133
S003,North,P0126,Clothing,286197.32,4.28,4.28,1,A,TIGHT_CONTROL,5741,49.78,160
S003,North,P0066,Clothing,283391.80,4.24,8.52,2,A,TIGHT_CONTROL,5796,48.99,148
S003,North,P0046,Clothing,281095.15,4.21,12.73,3,A,TIGHT_CONTROL,5639,49.46,162
S003,North,P0187,Clothing,273540.41,4.09,16.82,4,A,TIGHT_CONTROL,4985,54.81,149
S003,North,P0133,Clothing,263636.85,3.94,20.76,5,A,TIGHT_CONTROL,5196,51.82,149
S003,North,P0125,Clothing,258176.38,3.86,24.62,6,A,TIGHT_CONTROL,4816,51.93,163
S003,North,P0083,Toys,255322.71,3.82,28.44,7,A,TIGHT_CONTROL,4512,58.11,148
S003,North,P0178,Clothing,253640.51,3.79,32.23,8,A,TIGHT_CONTROL,5110,49.58,159
S003,North,P0183,Electronics,245126.88,3.67,35.90,9,A,TIGHT_CONTROL,5137,47.65,134
S003,North,P0017,Toys,244574.64,3.66,39.56,10,A,TIGHT_CONTROL,4566,54.25,157
S003,North,P0061,Clothing,243904.07,3.65,43.21,11,A,TIGHT_CONTROL,5160,48.22,159
S003,North,P0096,Toys,243862.32,3.65,46.86,12,A,TIGHT_CONTROL,5039,47.78,147
S003,North,P0069,Clothing,237959.02,3.56,50.42,13,A,TIGHT_CONTROL,4413,52.58,164
S003,North,P0116,Furniture,228517.28,3.42,53.84,14,A,TIGHT_CONTROL,4194,53.27,153
S003,North,P0153,Furniture,227191.49,3.40,57.24,15,A,TIGHT_CONTROL,4803,48.82,144
S003,North,P0094,Groceries,216842.89,3.24,60.48,16,A,TIGHT_CONTROL,4006,51.99,150
S003,North,P0171,Electronics,215466.38,3.22,63.70,17,A,TIGHT_CONTROL,4033,53.92,141
S003,North,P0166,Groceries,215244.64,3.22,66.92,18,A,TIGHT_CONTROL,3977,56.50,141
S003,North,P0067,Furniture,211277.25,3.16,70.08,19,A,TIGHT_CONTROL,3853,55.54,147
S003,North,P0068,Electronics,210414.11,3.15,73.23,20,A,TIGHT_CONTROL,4253,50.97,143
S003,North,P0057,Clothing,199137.86,2.98,76.21,21,A,TIGHT_CONTROL,4454,42.91,153
S003,North,P0079,Furniture,194366.19,2.91,79.12,22,A,TIGHT_CONTROL,3763,49.79,142
S003,North,P0129,Furniture,189382.13,2.83,81.95,23,B,MODERATE_CONTROL,4243,45.27,138
S003,North,P0085,Electronics,187517.25,2.81,84.76,24,B,MODERATE_CONTROL,3566,53.55,144
S003,North,P0175,Electronics,183874.78,2.75,87.51,25,B,MODERATE_CONTROL,3972,45.31,130
S003,North,P0149,Furniture,180440.63,2.70,90.21,26,B,MODERATE_CONTROL,3862,46.99,139
S003,North,P0159,Electronics,174415.08,2.61,92.82,27,B,MODERATE_CONTROL,3589,50.63,141
S003,North,P0070,Electronics,169334.44,2.53,95.35,28,C,BASIC_CONTROL,3432,49.68,153
S003,North,P0031,Electronics,164289.50,2.46,97.81,29,C,BASIC_CONTROL,3500,47.47,130
S003,North,P0016,Clothing,146013.18,2.18,99.99,30,C,BASIC_CONTROL,3261,45.26,152
S003,South,P0096,Toys,262572.69,4.12,4.12,1,A,TIGHT_CONTROL,4678,54.95,144
S003,South,P0187,Clothing,261599.35,4.10,8.22,2,A,TIGHT_CONTROL,4518,53.93,163
S003,South,P0129,Furniture,257664.87,4.04,12.26,3,A,TIGHT_CONTROL,4877,54.18,138
S003,South,P0069,Clothing,255715.90,4.01,16.27,4,A,TIGHT_CONTROL,4795,52.72,156
S003,South,P0057,Clothing,253824.00,3.98,20.25,5,A,TIGHT_CONTROL,5621,45.81,151
S003,South,P0046,Clothing,253000.50,3.97,24.22,6,A,TIGHT_CONTROL,5072,49.74,157
S003,South,P0067,Furniture,248062.90,3.89,28.11,7,A,TIGHT_CONTROL,5108,46.13,142
S003,South,P0175,Electronics,238743.29,3.74,31.85,8,A,TIGHT_CONTROL,4409,55.92,135
S003,South,P0083,Toys,235173.46,3.69,35.54,9,A,TIGHT_CONTROL,4295,54.96,133
S003,South,P0153,Furniture,234264.25,3.67,39.21,10,A,TIGHT_CONTROL,4010,56.55,135
S003,South,P0116,Furniture,226087.74,3.54,42.75,11,A,TIGHT_CONTROL,4142,52.42,154
S003,South,P0085,Electronics,225326.12,3.53,46.28,12,A,TIGHT_CONTROL,4421,50.14,134
S003,South,P0068,Electronics,220262.31,3.45,49.73,13,A,TIGHT_CONTROL,3703,58.12,136
S003,South,P0178,Clothing,215248.12,3.37,53.10,14,A,TIGHT_CONTROL,4783,47.15,163
S003,South,P0066,Clothing,215151.86,3.37,56.47,15,A,TIGHT_CONTROL,4375,49.14,143
S003,South,P0094,Groceries,212485.35,3.33,59.80,16,A,TIGHT_CONTROL,4104,49.00,134
S003,South,P0133,Clothing,210530.96,3.30,63.10,17,A,TIGHT_CONTROL,4494,47.34,160
S003,South,P0149,Furniture,206629.78,3.24,66.34,18,A,TIGHT_CONTROL,4338,47.09,153
S003,South,P0125,Clothing,204408.53,3.20,69.54,19,A,TIGHT_CONTROL,4252,50.34,147
S003,South,P0031,Electronics,191064.98,3.00,72.54,20,A,TIGHT_CONTROL,3907,49.59,135
S003,South,P0079,Furniture,190986.44,2.99,75.53,21,A,TIGHT_CONTROL,3956,50.02,141
S003,South,P0171,Electronics,190351.50,2.98,78.51,22,A,TIGHT_CONTROL,4179,45.02,139
S003,South,P0017,Toys,188975.89,2.96,81.47,23,B,MODERATE_CONTROL,4029,48.28,140
S003,South,P0126,Clothing,183093.22,2.87,84.34,24,B,MODERATE_CONTROL,4465,40.31,163
S003,South,P0061,Clothing,178568.11,2.80,87.14,25,B,MODERATE_CONTROL,3625,49.03,135
S003,South,P0183,Electronics,173752.78,2.72,89.86,26,B,MODERATE_CONTROL,4067,42.44,138
S003,South,P0070,Electronics,168380.21,2.64,92.50,27,B,MODERATE_CONTROL,3280,51.05,129
S003,South,P0166,Groceries,163050.94,2.56,95.06,28,C,BASIC_CONTROL,3328,48.64,153
S003,South,P0016,Clothing,161271.87,2.53,97.59,29,C,BASIC_CONTROL,3490,47.11,148
S003,South,P0159,Electronics,152577.17,2.39,99.98,30,C,BASIC_CONTROL,3064,49.73,140
S003,West,P0166,Groceries,322179.33,4.81,4.81,1,A,TIGHT_CONTROL,6361,50.03,139
S003,West,P0057,Clothing,292918.66,4.38,9.19,2,A,TIGHT_CONTROL,6177,47.73,164
S003,West,P0178,Clothing,274706.60,4.10,13.29,3,A,TIGHT_CONTROL,5195,53.02,156
S003,West,P0016,Clothing,274112.42,4.10,17.39,4,A,TIGHT_CONTROL,5664,47.39,153
S003,West,P0133,Clothing,265389.98,3.96,21.35,5,A,TIGHT_CONTROL,5444,47.83,153
S003,West,P0061,Clothing,251687.27,3.76,25.11,6,A,TIGHT_CONTROL,5399,48.42,163
S003,West,P0125,Clothing,249478.70,3.73,28.84,7,A,TIGHT_CONTROL,4724,52.65,173
S003,West,P0094,Groceries,244721.90,3.66,32.50,8,A,TIGHT_CONTROL,4814,50.08,149
S003,West,P0069,Clothing,244309.19,3.65,36.15,9,A,TIGHT_CONTROL,5510,44.40,156
S003,West,P0066,Clothing,236207.84,3.53,39.68,10,A,TIGHT_CONTROL,4933,48.76,162
S003,West,P0083,Toys,234808.19,3.51,43.19,11,A,TIGHT_CONTROL,4339,51.47,127
S003,West,P0171,Electronics,234547.84,3.50,46.69,12,A,TIGHT_CONTROL,4577,50.65,142
S003,West,P0149,Furniture,234125.65,3.50,50.19,13,A,TIGHT_CONTROL,4777,48.98,141
S003,West,P0126,Clothing,228535.94,3.41,53.60,14,A,TIGHT_CONTROL,4307,52.78,141
S003,West,P0031,Electronics,227111.51,3.39,56.99,15,A,TIGHT_CONTROL,4370,53.29,139
S003,West,P0187,Clothing,226252.37,3.38,60.37,16,A,TIGHT_CONTROL,4048,55.57,144
S003,West,P0153,Furniture,214462.42,3.20,63.57,17,A,TIGHT_CONTROL,4261,50.04,128
S003,West,P0159,Electronics,212121.86,3.17,66.74,18,A,TIGHT_CONTROL,4225,48.59,142
S003,West,P0067,Furniture,203843.04,3.05,69.79,19,A,TIGHT_CONTROL,4128,48.74,140
S003,West,P0068,Electronics,202549.87,3.03,72.82,20,A,TIGHT_CONTROL,4517,46.21,137
S003,West,P0070,Electronics,201276.84,3.01,75.83,21,A,TIGHT_CONTROL,4073,47.18,147
S003,West,P0175,Electronics,200979.72,3.00,78.83,22,A,TIGHT_CONTROL,4163,49.15,138
S003,West,P0129,Furniture,190771.19,2.85,81.68,23,B,MODERATE_CONTROL,4255,44.89,139
S003,West,P0085,Electronics,188811.22,2.82,84.50,24,B,MODERATE_CONTROL,4180,45.04,137
S003,West,P0116,Furniture,187927.99,2.81,87.31,25,B,MODERATE_CONTROL,3547,51.46,146
S003,West,P0096,Toys,185729.60,2.77,90.08,26,B,MODERATE_CONTROL,3702,51.95,144
S003,West,P0046,Clothing,184497.65,2.76,92.84,27,B,MODERATE_CONTROL,4493,41.41,151
S003,West,P0079,Furniture,177632.03,2.65,95.49,28,C,BASIC_CONTROL,3972,45.32,137
S003,West,P0017,Toys,164706.59,2.46,97.95,29,C,BASIC_CONTROL,4132,41.66,142
S003,West,P0183,Electronics,137227.79,2.05,100.00,30,C,BASIC_CONTROL,3049,42.85,145
S004,East,P0116,Furniture,294707.73,4.51,4.51,1,A,TIGHT_CONTROL,5531,51.99,150
S004,East,P0067,Furniture,265430.52,4.06,8.57,2,A,TIGHT_CONTROL,4589,54.97,136
S004,East,P0066,Clothing,264949.83,4.06,12.63,3,A,TIGHT_CONTROL,4624,55.55,170
S004,East,P0166,Groceries,259495.22,3.97,16.60,4,A,TIGHT_CONTROL,4565,57.29,149
S004,East,P0126,Clothing,253318.46,3.88,20.48,5,A,TIGHT_CONTROL,4748,52.62,153
S004,East,P0085,Electronics,238800.21,3.66,24.14,6,A,TIGHT_CONTROL,4396,55.75,138
S004,East,P0187,Clothing,238607.81,3.65,27.79,7,A,TIGHT_CONTROL,4379,54.97,153
S004,East,P0046,Clothing,227422.12,3.48,31.27,8,A,TIGHT_CONTROL,4723,47.32,145
S004,East,P0094,Groceries,226806.92,3.47,34.74,9,A,TIGHT_CONTROL,4454,51.34,136
S004,East,P0125,Clothing,225616.76,3.45,38.19,10,A,TIGHT_CONTROL,4401,51.00,141
S004,East,P0096,Toys,222452.96,3.41,41.60,11,A,TIGHT_CONTROL,4200,53.27,140
S004,East,P0171,Electronics,219745.65,3.36,44.96,12,A,TIGHT_CONTROL,3877,57.01,158
S004,East,P0070,Electronics,219728.14,3.36,48.32,13,A,TIGHT_CONTROL,4742,46.84,138
S004,East,P0079,Furniture,218067.12,3.34,51.66,14,A,TIGHT_CONTROL,4392,49.33,150
S004,East,P0083,Toys,216704.96,3.32,54.98,15,A,TIGHT_CONTROL,4135,51.37,155
S004,East,P0133,Clothing,216458.30,3.31,58.29,16,A,TIGHT_CONTROL,4299,50.93,159
S004,East,P0031,Electronics,214838.46,3.29,61.58,17,A,TIGHT_CONTROL,4465,48.88,136
S004,East,P0016,Clothing,212798.07,3.26,64.84,18,A,TIGHT_CONTROL,4078,52.10,146
S004,East,P0061,Clothing,211413.28,3.24,68.08,19,A,TIGHT_CONTROL,4225,50.62,150
S004,East,P0178,Clothing,211408.43,3.24,71.32,20,A,TIGHT_CONTROL,3984,51.90,149
S004,East,P0159,Electronics,199943.98,3.06,74.38,21,A,TIGHT_CONTROL,3896,49.61,148
S004,East,P0129,Furniture,198858.76,3.04,77.42,22,A,TIGHT_CONTROL,4148,49.57,137
S004,East,P0153,Furniture,197558.18,3.02,80.44,23,B,MODERATE_CONTROL,3688,53.90,136
S004,East,P0017,Toys,197180.26,3.02,83.46,24,B,MODERATE_CONTROL,4205,48.12,143
S004,East,P0057,Clothing,197160.74,3.02,86.48,25,B,MODERATE_CONTROL,4407,46.33,163
S004,East,P0175,Electronics,192513.74,2.95,89.43,26,B,MODERATE_CONTROL,3720,51.59,133
S004,East,P0183,Electronics,191732.70,2.94,92.37,27,B,MODERATE_CONTROL,3998,49.46,145
S004,East,P0069,Clothing,177464.94,2.72,95.09,28,C,BASIC_CONTROL,3648,48.15,155
S004,East,P0149,Furniture,173462.47,2.66,97.75,29,C,BASIC_CONTROL,3625,49.14,135
S004,East,P0068,Electronics,146536.95,2.24,99.99,30,C,BASIC_CONTROL,3335,42.79,136
S004,North,P0069,Clothing,365917.88,5.20,5.20,1,A,TIGHT_CONTROL,6307,56.81,160
S004,North,P0178,Clothing,334322.83,4.75,9.95,2,A,TIGHT_CONTROL,6177,53.15,169
S004,North,P0166,Groceries,333507.87,4.74,14.69,3,A,TIGHT_CONTROL,6376,52.14,159
S004,North,P0061,Clothing,285183.46,4.06,18.75,4,A,TIGHT_CONTROL,5291,55.95,147
S004,North,P0057,Clothing,281442.89,4.00,22.75,5,A,TIGHT_CONTROL,5295,51.69,148
S004,North,P0066,Clothing,279628.13,3.98,26.73,6,A,TIGHT_CONTROL,5342,50.22,157
S004,North,P0129,Furniture,258211.37,3.67,30.40,7,A,TIGHT_CONTROL,4447,57.21,133
S004,North,P0183,Electronics,249922.34,3.55,33.95,8,A,TIGHT_CONTROL,4530,53.55,146
S004,North,P0187,Clothing,246842.78,3.51,37.46,9,A,TIGHT_CONTROL,5108,50.76,159
S004,North,P0068,Electronics,240676.01,3.42,40.88,10,A,TIGHT_CONTROL,4420,53.90,148
S004,North,P0133,Clothing,239033.60,3.40,44.28,11,A,TIGHT_CONTROL,4884,47.52,161
S004,North,P0017,Toys,236660.07,3.37,47.65,12,A,TIGHT_CONTROL,4872,50.00,148
S004,North,P0125,Clothing,235552.44,3.35,51.00,13,A,TIGHT_CONTROL,4456,52.22,165
S004,North,P0079,Furniture,233698.79,3.32,54.32,14,A,TIGHT_CONTROL,5032,43.84,136
S004,North,P0175,Electronics,226668.26,3.22,57.54,15,A,TIGHT_CONTROL,4696,48.24,144
S004,North,P0159,Electronics,226209.74,3.22,60.76,16,A,TIGHT_CONTROL,4036,55.44,134
S004,North,P0149,Furniture,225740.00,3.21,63.97,17,A,TIGHT_CONTROL,4573,48.63,131
S004,North,P0067,Furniture,223772.33,3.18,67.15,18,A,TIGHT_CONTROL,4378,51.72,133
S004,North,P0126,Clothing,222708.21,3.17,70.32,19,A,TIGHT_CONTROL,4283,50.94,150
S004,North,P0046,Clothing,212706.45,3.03,73.35,20,A,TIGHT_CONTROL,4209,48.65,153
S004,North,P0116,Furniture,207210.83,2.95,76.30,21,A,TIGHT_CONTROL,3998,51.18,136
S004,North,P0031,Electronics,202607.61,2.88,79.18,22,A,TIGHT_CONTROL,4263,47.74,134
S004,North,P0016,Clothing,201512.71,2.87,82.05,23,B,MODERATE_CONTROL,3534,56.15,157
S004,North,P0171,Electronics,199178.51,2.83,84.88,24,B,MODERATE_CONTROL,4432,46.62,141
S004,North,P0085,Electronics,194658.86,2.77,87.65,25,B,MODERATE_CONTROL,3973,50.82,145
S004,North,P0153,Furniture,186085.09,2.65,90.30,26,B,MODERATE_CONTROL,3899,45.76,136
S004,North,P0070,Electronics,179588.34,2.55,92.85,27,B,MODERATE_CONTROL,3900,47.18,141
S004,North,P0094,Groceries,178956.25,2.55,95.40,28,C,BASIC_CONTROL,4079,43.05,138
S004,North,P0096,Toys,168254.61,2.39,97.79,29,C,BASIC_CONTROL,3800,44.18,137
S004,North,P0083,Toys,155073.84,2.21,100.00,30,C,BASIC_CONTROL,2813,56.46,138
S004,South,P0133,Clothing,290576.38,4.33,4.33,1,A,TIGHT_CONTROL,5004,57.85,166
S004,South,P0149,Furniture,274808.93,4.09,8.42,2,A,TIGHT_CONTROL,5336,52.62,150
S004,South,P0187,Clothing,270498.93,4.03,12.45,3,A,TIGHT_CONTROL,5542,50.33,169
S004,South,P0046,Clothing,258704.44,3.86,16.31,4,A,TIGHT_CONTROL,4745,54.83,159
S004,South,P0061,Clothing,255848.65,3.81,20.12,5,A,TIGHT_CONTROL,5197,47.84,158
S004,South,P0125,Clothing,248520.03,3.70,23.82,6,A,TIGHT_CONTROL,4651,52.21,166
S004,South,P0068,Electronics,248042.17,3.70,27.52,7,A,TIGHT_CONTROL,4933,51.72,131
S004,South,P0016,Clothing,245797.52,3.66,31.18,8,A,TIGHT_CONTROL,4741,51.72,150
S004,South,P0057,Clothing,243730.16,3.63,34.81,9,A,TIGHT_CONTROL,5570,43.38,149
S004,South,P0094,Groceries,234311.30,3.49,38.30,10,A,TIGHT_CONTROL,4295,54.97,142
S004,South,P0069,Clothing,230967.01,3.44,41.74,11,A,TIGHT_CONTROL,4709,46.60,149
S004,South,P0159,Electronics,230473.16,3.43,45.17,12,A,TIGHT_CONTROL,4698,50.41,142
S004,South,P0066,Clothing,228705.27,3.41,48.58,13,A,TIGHT_CONTROL,4638,50.78,153
S004,South,P0178,Clothing,225949.24,3.37,51.95,14,A,TIGHT_CONTROL,4058,54.26,151
S004,South,P0171,Electronics,224417.24,3.34,55.29,15,A,TIGHT_CONTROL,4197,54.99,143
S004,South,P0096,Toys,223438.70,3.33,58.62,16,A,TIGHT_CONTROL,4051,54.97,141
S004,South,P0153,Furniture,220666.53,3.29,61.91,17,A,TIGHT_CONTROL,4564,49.48,141
S004,South,P0083,Toys,214845.99,3.20,65.11,18,A,TIGHT_CONTROL,4789,44.83,143
S004,South,P0166,Groceries,212777.19,3.17,68.28,19,A,TIGHT_CONTROL,4114,53.91,143
S004,South,P0067,Furniture,210342.12,3.13,71.41,20,A,TIGHT_CONTROL,4100,49.47,145
S004,South,P0079,Furniture,207472.15,3.09,74.50,21,A,TIGHT_CONTROL,4013,50.77,140
S004,South,P0175,Electronics,206054.38,3.07,77.57,22,A,TIGHT_CONTROL,3771,54.53,153
S004,South,P0126,Clothing,203948.84,3.04,80.61,23,B,MODERATE_CONTROL,4557,46.06,146
S004,South,P0031,Electronics,193433.19,2.88,83.49,24,B,MODERATE_CONTROL,3555,55.61,144
S004,South,P0129,Furniture,189211.79,2.82,86.31,25,B,MODERATE_CONTROL,3416,56.05,141
S004,South,P0116,Furniture,187179.46,2.79,89.10,26,B,MODERATE_CONTROL,4182,45.14,147
S004,South,P0085,Electronics,186415.33,2.78,91.88,27,B,MODERATE_CONTROL,4090,43.31,144
S004,South,P0017,Toys,183386.71,2.73,94.61,28,B,MODERATE_CONTROL,4120,45.30,147
S004,South,P0070,Electronics,181944.02,2.71,97.32,29,C,BASIC_CONTROL,3503,51.46,124
S004,South,P0183,Electronics,178381.60,2.66,99.98,30,C,BASIC_CONTROL,3469,52.75,131
S004,West,P0016,Clothing,352151.04,5.43,5.43,1,A,TIGHT_CONTROL,6682,53.03,158
S004,West,P0125,Clothing,311876.62,4.81,10.24,2,A,TIGHT_CONTROL,6529,47.04,168
S004,West,P0046,Clothing,275062.69,4.24,14.48,3,A,TIGHT_CONTROL,5421,51.19,159
S004,West,P0126,Clothing,264089.04,4.07,18.55,4,A,TIGHT_CONTROL,5239,51.78,149
S004,West,P0133,Clothing,262084.01,4.04,22.59,5,A,TIGHT_CONTROL,5220,50.94,152
S004,West,P0083,Toys,260274.95,4.01,26.60,6,A,TIGHT_CONTROL,5193,50.10,138
S004,West,P0066,Clothing,256152.35,3.95,30.55,7,A,TIGHT_CONTROL,4807,53.89,157
S004,West,P0178,Clothing,244257.83,3.77,34.32,8,A,TIGHT_CONTROL,5348,45.94,151
S004,West,P0175,Electronics,238860.60,3.68,38.00,9,A,TIGHT_CONTROL,4624,49.92,146
S004,West,P0187,Clothing,231699.25,3.57,41.57,10,A,TIGHT_CONTROL,4807,48.57,149
S004,West,P0171,Electronics,222053.93,3.42,44.99,11,A,TIGHT_CONTROL,4073,54.09,136
S004,West,P0153,Furniture,220698.09,3.40,48.39,12,A,TIGHT_CONTROL,4436,49.83,137
S004,West,P0079,Furniture,215692.38,3.33,51.72,13,A,TIGHT_CONTROL,4027,53.37,141
S004,West,P0094,Groceries,214287.08,3.30,55.02,14,A,TIGHT_CONTROL,4126,53.29,153
S004,West,P0183,Electronics,214046.89,3.30,58.32,15,A,TIGHT_CONTROL,3961,52.54,134
S004,West,P0061,Clothing,211081.88,3.26,61.58,16,A,TIGHT_CONTROL,3967,52.14,161
S004,West,P0085,Electronics,207862.77,3.21,64.79,17,A,TIGHT_CONTROL,3807,56.36,135
S004,West,P0129,Furniture,205062.32,3.16,67.95,18,A,TIGHT_CONTROL,4281,48.34,138
S004,West,P0096,Toys,194768.14,3.00,70.95,19,A,TIGHT_CONTROL,4319,46.43,143
S004,West,P0069,Clothing,194382.87,3.00,73.95,20,A,TIGHT_CONTROL,4334,45.96,147
S004,West,P0070,Electronics,182381.93,2.81,76.76,21,A,TIGHT_CONTROL,3394,57.28,133
S004,West,P0057,Clothing,180664.56,2.79,79.55,22,A,TIGHT_CONTROL,4129,41.83,150
S004,West,P0017,Toys,179234.22,2.76,82.31,23,B,MODERATE_CONTROL,3741,46.86,138
S004,West,P0166,Groceries,174070.01,2.68,84.99,24,B,MODERATE_CONTROL,3369,53.49,150
S004,West,P0031,Electronics,170564.53,2.63,87.62,25,B,MODERATE_CONTROL,3699,46.98,137
S004,West,P0116,Furniture,168048.92,2.59,90.21,26,B,MODERATE_CONTROL,3660,47.10,143
S004,West,P0067,Furniture,160957.25,2.48,92.69,27,B,MODERATE_CONTROL,3558,45.81,142
S004,West,P0149,Furniture,158509.50,2.44,95.13,28,C,BASIC_CONTROL,3217,49.34,137
S004,West,P0068,Electronics,157893.72,2.43,97.56,29,C,BASIC_CONTROL,3172,50.57,141
S004,West,P0159,Electronics,155785.51,2.40,99.96,30,C,BASIC_CONTROL,3599,43.55,118
S005,East,P0178,Clothing,341709.00,4.92,4.92,1,A,TIGHT_CONTROL,6129,55.62,166
S005,East,P0061,Clothing,299440.54,4.31,9.23,2,A,TIGHT_CONTROL,5756,51.92,164
S005,East,P0046,Clothing,292637.92,4.22,13.45,3,A,TIGHT_CONTROL,5190,56.17,145
S005,East,P0125,Clothing,278421.83,4.01,17.46,4,A,TIGHT_CONTROL,4992,52.95,161
S005,East,P0079,Furniture,278173.09,4.01,21.47,5,A,TIGHT_CONTROL,5081,55.30,148
S005,East,P0066,Clothing,272844.61,3.93,25.40,6,A,TIGHT_CONTROL,5872,45.76,169
S005,East,P0149,Furniture,272319.79,3.92,29.32,7,A,TIGHT_CONTROL,5220,51.61,156
S005,East,P0133,Clothing,268368.93,3.87,33.19,8,A,TIGHT_CONTROL,5225,50.99,157
S005,East,P0057,Clothing,259053.86,3.73,36.92,9,A,TIGHT_CONTROL,5736,45.55,157
S005,East,P0094,Groceries,256378.00,3.69,40.61,10,A,TIGHT_CONTROL,5373,50.12,149
S005,East,P0126,Clothing,255939.88,3.69,44.30,11,A,TIGHT_CONTROL,4423,57.13,157
S005,East,P0129,Furniture,252325.17,3.64,47.94,12,A,TIGHT_CONTROL,4477,57.45,150
S005,East,P0068,Electronics,249207.10,3.59,51.53,13,A,TIGHT_CONTROL,3952,62.84,134
S005,East,P0153,Furniture,241112.72,3.47,55.00,14,A,TIGHT_CONTROL,4048,58.38,144
S005,East,P0166,Groceries,233712.28,3.37,58.37,15,A,TIGHT_CONTROL,4288,54.69,158
S005,East,P0187,Clothing,230766.67,3.32,61.69,16,A,TIGHT_CONTROL,4115,52.09,158
S005,East,P0016,Clothing,226898.60,3.27,64.96,17,A,TIGHT_CONTROL,4225,49.71,174
S005,East,P0116,Furniture,219774.53,3.17,68.13,18,A,TIGHT_CONTROL,4642,48.52,149
S005,East,P0096,Toys,218416.61,3.15,71.28,19,A,TIGHT_CONTROL,4596,46.72,151
S005,East,P0069,Clothing,212391.59,3.06,74.34,20,A,TIGHT_CONTROL,3949,51.68,141
S005,East,P0083,Toys,199876.53,2.88,77.22,21,A,TIGHT_CONTROL,3955,49.89,157
S005,East,P0085,Electronics,193392.81,2.79,80.01,22,B,MODERATE_CONTROL,3896,50.85,147
S005,East,P0171,Electronics,185196.49,2.67,82.68,23,B,MODERATE_CONTROL,3407,54.17,130
S005,East,P0067,Furniture,178417.69,2.57,85.25,24,B,MODERATE_CONTROL,4030,42.72,135
S005,East,P0070,Electronics,177826.30,2.56,87.81,25,B,MODERATE_CONTROL,3865,45.26,137
S005,East,P0031,Electronics,177593.56,2.56,90.37,26,B,MODERATE_CONTROL,3340,53.73,134
S005,East,P0159,Electronics,177235.89,2.55,92.92,27,B,MODERATE_CONTROL,3628,48.27,138
S005,East,P0017,Toys,169810.32,2.45,95.37,28,C,BASIC_CONTROL,3760,41.96,143
S005,East,P0175,Electronics,163659.19,2.36,97.73,29,C,BASIC_CONTROL,3407,47.45,131
S005,East,P0183,Electronics,158475.24,2.28,100.01,30,C,BASIC_CONTROL,3194,49.30,126
S005,North,P0166,Groceries,314040.89,4.38,4.38,1,A,TIGHT_CONTROL,5779,52.07,135
S005,North,P0016,Clothing,305061.41,4.25,8.63,2,A,TIGHT_CONTROL,6080,52.00,153
S005,North,P0129,Furniture,275637.42,3.84,12.47,3,A,TIGHT_CONTROL,4819,54.86,151
S005,North,P0171,Electronics,268770.52,3.75,16.22,4,A,TIGHT_CONTROL,5146,52.54,137
S005,North,P0061,Clothing,265284.74,3.70,19.92,5,A,TIGHT_CONTROL,5548,46.68,162
S005,North,P0069,Clothing,264131.81,3.68,23.60,6,A,TIGHT_CONTROL,5041,51.12,167
S005,North,P0116,Furniture,255705.71,3.56,27.16,7,A,TIGHT_CONTROL,5036,50.81,145
S005,North,P0083,Toys,254367.35,3.55,30.71,8,A,TIGHT_CONTROL,4914,52.26,143
S005,North,P0079,Furniture,251741.46,3.51,34.22,9,A,TIGHT_CONTROL,4972,50.69,147
S005,North,P0133,Clothing,251338.97,3.50,37.72,10,A,TIGHT_CONTROL,4478,55.46,162
S005,North,P0070,Electronics,248934.19,3.47,41.19,11,A,TIGHT_CONTROL,4501,56.09,145
S005,North,P0085,Electronics,245308.71,3.42,44.61,12,A,TIGHT_CONTROL,4451,55.30,134
S005,North,P0126,Clothing,244543.11,3.41,48.02,13,A,TIGHT_CONTROL,4374,55.66,151
S005,North,P0125,Clothing,244534.07,3.41,51.43,14,A,TIGHT_CONTROL,4711,52.42,152
S005,North,P0094,Groceries,237113.44,3.31,54.74,15,A,TIGHT_CONTROL,4498,51.44,151
S005,North,P0187,Clothing,227662.74,3.17,57.91,16,A,TIGHT_CONTROL,4487,51.63,164
S005,North,P0017,Toys,227635.25,3.17,61.08,17,A,TIGHT_CONTROL,4595,48.42,143
S005,North,P0183,Electronics,227556.00,3.17,64.25,18,A,TIGHT_CONTROL,4109,55.06,140
S005,North,P0153,Furniture,221280.32,3.08,67.33,19,A,TIGHT_CONTROL,4793,45.24,142
S005,North,P0057,Clothing,221124.62,3.08,70.41,20,A,TIGHT_CONTROL,4257,52.71,148
S005,North,P0067,Furniture,220609.16,3.08,73.49,21,A,TIGHT_CONTROL,4237,52.18,147
S005,North,P0066,Clothing,220320.90,3.07,76.56,22,A,TIGHT_CONTROL,4419,48.52,148
S005,North,P0149,Furniture,217331.52,3.03,79.59,23,A,TIGHT_CONTROL,4267,52.22,142
S005,North,P0175,Electronics,216395.72,3.02,82.61,24,B,MODERATE_CONTROL,4847,44.72,140
S005,North,P0031,Electronics,214243.78,2.99,85.60,25,B,MODERATE_CONTROL,4007,53.80,132
S005,North,P0046,Clothing,213986.64,2.98,88.58,26,B,MODERATE_CONTROL,4170,51.15,138
S005,North,P0178,Clothing,211964.00,2.96,91.54,27,B,MODERATE_CONTROL,4277,49.17,154
S005,North,P0159,Electronics,204537.11,2.85,94.39,28,B,MODERATE_CONTROL,4272,47.87,128
S005,North,P0096,Toys,201778.09,2.81,97.20,29,C,BASIC_CONTROL,4118,49.90,143
S005,North,P0068,Electronics,200002.34,2.79,99.99,30,C,BASIC_CONTROL,3525,53.44,140
S005,South,P0126,Clothing,315136.66,4.54,4.54,1,A,TIGHT_CONTROL,5761,56.24,161
S005,South,P0133,Clothing,279975.78,4.03,8.57,2,A,TIGHT_CONTROL,5502,49.28,170
S005,South,P0061,Clothing,275974.74,3.98,12.55,3,A,TIGHT_CONTROL,4983,54.57,157
S005,South,P0178,Clothing,273497.07,3.94,16.49,4,A,TIGHT_CONTROL,4737,57.61,159
S005,South,P0125,Clothing,262962.43,3.79,20.28,5,A,TIGHT_CONTROL,4729,54.78,136
S005,South,P0017,Toys,256986.07,3.70,23.98,6,A,TIGHT_CONTROL,4927,52.86,134
S005,South,P0046,Clothing,256225.50,3.69,27.67,7,A,TIGHT_CONTROL,5029,51.94,153
S005,South,P0096,Toys,249981.11,3.60,31.27,8,A,TIGHT_CONTROL,5005,50.27,137
S005,South,P0129,Furniture,249034.91,3.59,34.86,9,A,TIGHT_CONTROL,4178,59.50,144
S005,South,P0067,Furniture,247207.20,3.56,38.42,10,A,TIGHT_CONTROL,4589,55.65,147
S005,South,P0066,Clothing,244435.66,3.52,41.94,11,A,TIGHT_CONTROL,4645,50.16,158
S005,South,P0153,Furniture,244101.49,3.52,45.46,12,A,TIGHT_CONTROL,5140,49.72,142
S005,South,P0069,Clothing,242538.27,3.49,48.95,13,A,TIGHT_CONTROL,5071,48.12,159
S005,South,P0016,Clothing,238289.97,3.43,52.38,14,A,TIGHT_CONTROL,5019,46.88,162
S005,South,P0057,Clothing,236120.19,3.40,55.78,15,A,TIGHT_CONTROL,4486,53.57,154
S005,South,P0083,Toys,229468.29,3.31,59.09,16,A,TIGHT_CONTROL,4825,47.65,144
S005,South,P0187,Clothing,229459.06,3.31,62.40,17,A,TIGHT_CONTROL,5065,44.90,163
S005,South,P0183,Electronics,228653.09,3.29,65.69,18,A,TIGHT_CONTROL,4357,51.05,143
S005,South,P0031,Electronics,227636.27,3.28,68.97,19,A,TIGHT_CONTROL,3919,56.16,126
S005,South,P0085,Electronics,220146.12,3.17,72.14,20,A,TIGHT_CONTROL,3826,56.89,123
S005,South,P0166,Groceries,218088.15,3.14,75.28,21,A,TIGHT_CONTROL,3763,54.75,141
S005,South,P0068,Electronics,214196.32,3.09,78.37,22,A,TIGHT_CONTROL,3872,54.49,137
S005,South,P0175,Electronics,203522.99,2.93,81.30,23,B,MODERATE_CONTROL,3955,53.00,139
S005,South,P0079,Furniture,200672.57,2.89,84.19,24,B,MODERATE_CONTROL,3632,54.26,144
S005,South,P0094,Groceries,197725.62,2.85,87.04,25,B,MODERATE_CONTROL,3823,54.15,146
S005,South,P0159,Electronics,193569.85,2.79,89.83,26,B,MODERATE_CONTROL,4115,46.46,140
S005,South,P0070,Electronics,183337.13,2.64,92.47,27,B,MODERATE_CONTROL,3966,46.77,141
S005,South,P0116,Furniture,182937.66,2.64,95.11,28,C,BASIC_CONTROL,3556,51.51,133
S005,South,P0171,Electronics,180947.31,2.61,97.72,29,C,BASIC_CONTROL,3998,45.47,142
S005,South,P0149,Furniture,158734.73,2.29,100.01,30,C,BASIC_CONTROL,3205,50.28,124
S005,West,P0187,Clothing,284162.76,4.55,4.55,1,A,TIGHT_CONTROL,5578,49.77,149
S005,West,P0031,Electronics,283445.72,4.53,9.08,2,A,TIGHT_CONTROL,5128,55.10,142
S005,West,P0178,Clothing,250941.40,4.01,13.09,3,A,TIGHT_CONTROL,4557,52.98,154
S005,West,P0068,Electronics,244432.41,3.91,17.00,4,A,TIGHT_CONTROL,4964,50.55,133
S005,West,P0046,Clothing,240319.11,3.84,20.84,5,A,TIGHT_CONTROL,4673,50.74,158
S005,West,P0125,Clothing,235570.89,3.77,24.61,6,A,TIGHT_CONTROL,4349,55.57,152
S005,West,P0126,Clothing,227906.41,3.65,28.26,7,A,TIGHT_CONTROL,4381,53.04,152
S005,West,P0016,Clothing,227732.40,3.64,31.90,8,A,TIGHT_CONTROL,4470,49.33,149
S005,West,P0159,Electronics,220180.45,3.52,35.42,9,A,TIGHT_CONTROL,3860,56.50,145
S005,West,P0057,Clothing,217989.59,3.49,38.91,10,A,TIGHT_CONTROL,4533,48.26,161
S005,West,P0183,Electronics,217801.42,3.48,42.39,11,A,TIGHT_CONTROL,4082,52.45,136
S005,West,P0094,Groceries,214918.78,3.44,45.83,12,A,TIGHT_CONTROL,4468,46.13,139
S005,West,P0066,Clothing,213659.95,3.42,49.25,13,A,TIGHT_CONTROL,4767,45.78,161
S005,West,P0166,Groceries,212956.31,3.41,52.66,14,A,TIGHT_CONTROL,4182,49.92,149
S005,West,P0069,Clothing,206036.77,3.30,55.96,15,A,TIGHT_CONTROL,4535,45.81,158
S005,West,P0153,Furniture,203380.99,3.25,59.21,16,A,TIGHT_CONTROL,3924,53.71,139
S005,West,P0067,Furniture,199684.09,3.19,62.40,17,A,TIGHT_CONTROL,4161,49.23,145
S005,West,P0149,Furniture,199063.00,3.18,65.58,18,A,TIGHT_CONTROL,3766,50.80,139
S005,West,P0085,Electronics,198285.64,3.17,68.75,19,A,TIGHT_CONTROL,3890,48.89,134
S005,West,P0133,Clothing,197235.10,3.16,71.91,20,A,TIGHT_CONTROL,4468,45.70,148
S005,West,P0070,Electronics,190670.86,3.05,74.96,21,A,TIGHT_CONTROL,3735,52.56,125
S005,West,P0083,Toys,188524.47,3.02,77.98,22,A,TIGHT_CONTROL,3595,52.86,147
S005,West,P0079,Furniture,186873.53,2.99,80.97,23,B,MODERATE_CONTROL,3793,49.81,144
S005,West,P0017,Toys,180621.09,2.89,83.86,24,B,MODERATE_CONTROL,3343,54.61,147
S005,West,P0061,Clothing,178944.64,2.86,86.72,25,B,MODERATE_CONTROL,3912,44.78,157
S005,West,P0171,Electronics,174886.01,2.80,89.52,26,B,MODERATE_CONTROL,3613,48.42,145
S005,West,P0175,Electronics,172028.07,2.75,92.27,27,B,MODERATE_CONTROL,3273,51.63,140
S005,West,P0129,Furniture,169297.18,2.71,94.98,28,B,MODERATE_CONTROL,3623,46.77,151
S005,West,P0096,Toys,156906.71,2.51,97.49,29,C,BASIC_CONTROL,3366,45.43,138
S005,West,P0116,Furniture,156599.17,2.51,100.00,30,C,BASIC_CONTROL,3778,43.86,142
