store_id,region,product_id,category,avg_inventory_level,avg_daily_sales,cogs_90_days,avg_inventory_value,inventory_turnover_ratio,days_of_supply,avg_unit_price,movement_type,performance_rating
S003,North,P0066,Clothing,149,113.09,189943.99,7423.37,104.49,1,53.89,FAST_MOVER,EXCELLENT
S002,East,P0066,Clothing,175,121.33,240846.25,9445.22,101.50,1,54.67,FAST_MOVER,EXCELLENT
S004,North,P0069,Clothing,173,125.12,248596.25,10207.03,99.56,1,62.23,FAST_MOVER,EXCELLENT
S004,West,P0016,Clothing,184,136.45,228279.89,10211.79,93.25,1,59.36,FAST_MOVER,EXCELLENT
S004,West,P0178,Clothing,162,115.00,179084.57,7940.88,92.11,1,53.00,FAST_MOVER,EXCELLENT
S005,East,P0061,Clothing,174,128.20,194305.21,8882.59,89.44,1,54.93,FAST_MOVER,EXCELLENT
S002,North,P0125,Clothing,175,128.03,216305.14,9791.74,88.78,1,59.49,FAST_MOVER,EXCELLENT
S002,North,P0069,Clothing,149,107.57,168878.38,7944.00,88.09,1,57.65,FAST_MOVER,EXCELLENT
S001,West,P0178,Clothing,174,121.74,229876.73,10403.40,88.03,1,63.56,FAST_MOVER,EXCELLENT
S002,South,P0126,Clothing,158,110.16,174242.99,8296.48,87.55,1,56.04,FAST_MOVER,EXCELLENT
S005,South,P0133,Clothing,170,126.14,182718.06,8283.95,87.21,1,52.23,FAST_MOVER,EXCELLENT
S003,West,P0016,Clothing,163,116.80,163871.49,7386.26,87.20,1,50.27,FAST_MOVER,EXCELLENT
S002,North,P0133,Clothing,178,131.24,200235.23,9302.22,86.88,1,57.68,FAST_MOVER,EXCELLENT
S005,South,P0046,Clothing,169,120.63,189360.99,8965.08,86.62,1,58.42,FAST_MOVER,EXCELLENT
S004,West,P0125,Clothing,185,131.70,176945.91,8370.16,86.50,1,48.94,FAST_MOVER,EXCELLENT
S001,West,P0187,Clothing,185,131.33,194886.14,9314.09,86.29,1,54.66,FAST_MOVER,EXCELLENT
S002,South,P0057,Clothing,183,134.75,187360.55,9430.63,83.60,1,54.32,FAST_MOVER,EXCELLENT
S005,East,P0178,Clothing,180,131.07,196185.61,9595.53,82.79,1,58.83,FAST_MOVER,EXCELLENT
S003,East,P0187,Clothing,156,117.63,143424.19,7024.32,82.55,1,51.44,FAST_MOVER,EXCELLENT
S005,East,P0057,Clothing,169,113.57,137227.12,6934.85,81.94,1,44.95,FAST_MOVER,EXCELLENT
S001,North,P0061,Clothing,176,130.59,169951.88,8337.27,81.10,1,52.22,FAST_MOVER,EXCELLENT
S003,North,P0126,Clothing,169,119.61,174368.49,8743.37,80.37,1,54.35,FAST_MOVER,EXCELLENT
S002,South,P0046,Clothing,154,112.22,142365.38,7174.72,80.04,1,51.97,FAST_MOVER,EXCELLENT
S003,North,P0046,Clothing,175,131.50,173917.85,8644.98,79.22,1,54.66,FAST_MOVER,EXCELLENT
S004,West,P0133,Clothing,148,102.79,136869.78,6969.30,78.90,1,53.10,FAST_MOVER,EXCELLENT
S004,South,P0016,Clothing,160,115.07,165223.88,8448.17,78.83,1,58.27,FAST_MOVER,EXCELLENT
S001,North,P0066,Clothing,158,113.48,157548.37,8204.63,78.72,1,57.36,FAST_MOVER,EXCELLENT
S005,South,P0066,Clothing,177,126.93,176785.55,9127.49,78.36,1,52.75,FAST_MOVER,EXCELLENT
S005,South,P0126,Clothing,183,126.07,185773.61,9735.45,78.32,1,57.26,FAST_MOVER,EXCELLENT
S005,South,P0125,Clothing,141,104.42,141418.85,7322.80,78.11,1,54.14,FAST_MOVER,EXCELLENT
S001,West,P0066,Clothing,173,127.35,155190.72,8099.32,77.72,1,51.06,FAST_MOVER,EXCELLENT
S003,West,P0069,Clothing,159,117.31,143874.48,7583.78,77.70,1,51.02,FAST_MOVER,EXCELLENT
S004,North,P0057,Clothing,167,127.96,177040.89,9157.13,77.50,1,59.09,FAST_MOVER,EXCELLENT
S003,East,P0126,Clothing,165,116.70,152061.58,7854.84,77.38,1,50.98,FAST_MOVER,EXCELLENT
S003,South,P0133,Clothing,169,108.00,155687.40,8451.09,75.21,2,55.40,FAST_MOVER,EXCELLENT
S002,North,P0187,Clothing,155,115.12,152972.91,8238.45,75.13,1,56.50,FAST_MOVER,EXCELLENT
S002,South,P0125,Clothing,149,109.84,162179.58,8871.28,74.98,1,62.15,FAST_MOVER,EXCELLENT
S001,South,P0061,Clothing,175,124.38,142784.99,7830.22,74.98,1,50.19,FAST_MOVER,EXCELLENT
S004,West,P0066,Clothing,169,115.44,152600.94,8364.63,74.93,1,54.08,FAST_MOVER,EXCELLENT
S004,East,P0126,Clothing,157,116.36,154005.80,8519.35,74.91,1,56.16,FAST_MOVER,EXCELLENT
S001,West,P0069,Clothing,166,109.29,169711.61,9283.36,74.87,2,59.90,FAST_MOVER,EXCELLENT
S005,South,P0061,Clothing,168,114.85,176553.51,9511.77,74.78,1,60.71,FAST_MOVER,EXCELLENT
S004,South,P0057,Clothing,153,112.52,123643.06,6650.84,74.70,1,44.91,FAST_MOVER,EXCELLENT
S005,West,P0187,Clothing,171,130.79,167120.96,9051.10,74.63,1,57.56,FAST_MOVER,EXCELLENT
S005,North,P0069,Clothing,183,124.11,176391.52,9661.46,74.38,1,54.18,FAST_MOVER,EXCELLENT
S002,South,P0066,Clothing,178,125.77,186711.71,10267.01,74.33,1,62.37,FAST_MOVER,EXCELLENT
S004,North,P0178,Clothing,198,144.88,197006.63,10618.63,74.25,1,55.16,FAST_MOVER,EXCELLENT
S004,South,P0046,Clothing,168,118.15,171985.20,9162.42,74.24,1,60.76,FAST_MOVER,EXCELLENT
S003,South,P0046,Clothing,172,116.52,157031.99,8625.48,74.24,1,54.31,FAST_MOVER,EXCELLENT
S001,East,P0057,Clothing,178,125.04,178512.84,9901.12,74.18,1,61.89,FAST_MOVER,EXCELLENT
S001,West,P0126,Clothing,166,112.00,127908.86,7101.29,74.06,1,47.95,FAST_MOVER,EXCELLENT
S004,West,P0046,Clothing,175,118.33,160767.41,8708.30,74.00,1,54.66,FAST_MOVER,EXCELLENT
S003,West,P0061,Clothing,185,124.96,163616.75,9182.95,73.92,1,56.41,FAST_MOVER,EXCELLENT
S001,South,P0125,Clothing,168,122.32,160187.28,8974.06,73.80,1,56.34,FAST_MOVER,EXCELLENT
S003,West,P0057,Clothing,167,112.44,148512.37,8072.69,73.61,1,52.55,FAST_MOVER,EXCELLENT
S003,East,P0125,Clothing,203,135.67,176765.40,9732.39,73.27,1,50.22,MEDIUM_MOVER,GOOD
S002,North,P0016,Clothing,160,115.32,123110.47,6891.62,73.04,1,47.59,MEDIUM_MOVER,GOOD
S002,East,P0133,Clothing,158,123.52,172162.34,9985.72,72.76,1,66.01,MEDIUM_MOVER,GOOD
S001,North,P0046,Clothing,146,108.38,130646.99,7261.11,72.48,1,48.14,MEDIUM_MOVER,GOOD
S005,South,P0187,Clothing,177,120.96,142080.53,7871.33,72.01,1,48.14,MEDIUM_MOVER,GOOD
S003,North,P0061,Clothing,156,110.68,131821.81,7421.70,71.93,1,51.07,MEDIUM_MOVER,GOOD
S003,West,P0133,Clothing,162,114.56,143043.90,8380.12,71.88,1,53.24,MEDIUM_MOVER,GOOD
S002,East,P0061,Clothing,170,125.00,159152.32,8700.93,71.73,1,55.92,MEDIUM_MOVER,GOOD
S004,West,P0126,Clothing,150,109.79,123637.62,7140.96,71.38,1,50.58,MEDIUM_MOVER,GOOD
S002,East,P0178,Clothing,155,109.28,135674.62,7756.91,71.30,1,54.13,MEDIUM_MOVER,GOOD
S003,East,P0016,Clothing,185,130.32,160440.24,8839.44,71.27,1,51.43,MEDIUM_MOVER,GOOD
S001,East,P0133,Clothing,170,129.35,177719.51,10141.52,71.06,1,61.49,MEDIUM_MOVER,GOOD
S001,East,P0125,Clothing,178,124.92,163913.18,9287.55,70.99,1,56.43,MEDIUM_MOVER,GOOD
S001,South,P0046,Clothing,145,101.84,114755.06,6659.56,70.99,1,50.54,MEDIUM_MOVER,GOOD
S002,East,P0187,Clothing,159,120.74,169175.73,9733.00,70.89,1,65.18,MEDIUM_MOVER,GOOD
S004,North,P0061,Clothing,166,111.54,149044.60,8526.61,70.83,1,57.26,MEDIUM_MOVER,GOOD
S003,North,P0178,Clothing,175,126.67,140078.62,8287.41,70.35,1,52.20,MEDIUM_MOVER,GOOD
S001,North,P0133,Clothing,150,104.16,138251.50,8268.18,70.18,1,58.42,MEDIUM_MOVER,GOOD
S004,South,P0126,Clothing,154,106.40,120765.08,7216.90,69.83,1,52.91,MEDIUM_MOVER,GOOD
S002,West,P0057,Clothing,170,122.04,163637.25,9557.93,69.82,1,58.30,MEDIUM_MOVER,GOOD
S002,West,P0069,Clothing,168,115.16,145546.21,8446.62,69.53,1,51.39,MEDIUM_MOVER,GOOD
S004,South,P0133,Clothing,185,127.04,174240.59,10310.43,69.49,1,59.02,MEDIUM_MOVER,GOOD
S003,North,P0069,Clothing,163,116.04,161310.69,9151.31,69.49,1,60.25,MEDIUM_MOVER,GOOD
S002,East,P0016,Clothing,168,119.75,170022.76,9780.41,69.41,1,59.10,MEDIUM_MOVER,GOOD
S004,East,P0187,Clothing,164,127.23,155043.93,8878.95,69.18,1,59.39,MEDIUM_MOVER,GOOD
S005,South,P0178,Clothing,168,119.33,179750.49,10740.98,69.00,1,68.37,MEDIUM_MOVER,GOOD
S001,East,P0187,Clothing,174,123.04,124527.22,7254.10,68.98,1,46.70,MEDIUM_MOVER,GOOD
S005,East,P0133,Clothing,175,118.76,152447.33,8691.30,68.93,1,54.60,MEDIUM_MOVER,GOOD
S001,West,P0133,Clothing,158,116.43,125846.68,7802.50,68.91,1,53.61,MEDIUM_MOVER,GOOD
S005,West,P0016,Clothing,157,115.91,141368.44,8077.48,68.81,1,55.50,MEDIUM_MOVER,GOOD
S004,East,P0133,Clothing,167,118.17,145461.70,8710.72,68.79,1,54.74,MEDIUM_MOVER,GOOD
S001,East,P0066,Clothing,159,117.22,152086.43,9095.18,68.67,1,59.64,MEDIUM_MOVER,GOOD
S001,North,P0126,Clothing,177,124.38,159558.88,9634.26,68.59,1,58.95,MEDIUM_MOVER,GOOD
S003,South,P0057,Clothing,171,124.39,120884.59,7145.76,67.84,1,45.56,MEDIUM_MOVER,GOOD
S002,South,P0178,Clothing,171,119.04,160478.00,9836.06,67.82,1,61.60,MEDIUM_MOVER,GOOD
S002,North,P0061,Clothing,180,130.61,153848.80,9365.68,67.55,1,57.92,MEDIUM_MOVER,GOOD
S001,South,P0178,Clothing,150,113.27,122928.06,7594.48,67.54,1,52.58,MEDIUM_MOVER,GOOD
S001,East,P0061,Clothing,176,121.75,157044.80,9674.92,67.19,1,57.44,MEDIUM_MOVER,GOOD
S001,East,P0126,Clothing,174,124.87,145064.18,8351.85,67.02,1,51.41,MEDIUM_MOVER,GOOD
S003,South,P0178,Clothing,182,125.08,117344.28,7276.19,66.89,1,44.20,MEDIUM_MOVER,GOOD
S002,West,P0016,Clothing,199,136.79,159362.87,9889.09,66.81,1,56.53,MEDIUM_MOVER,GOOD
S004,East,P0066,Clothing,183,124.92,167688.59,10085.64,66.61,1,57.78,MEDIUM_MOVER,GOOD
S004,South,P0187,Clothing,182,130.04,141661.58,8406.68,66.57,1,51.28,MEDIUM_MOVER,GOOD
S004,West,P0187,Clothing,158,117.82,119310.85,7261.13,66.34,1,51.14,MEDIUM_MOVER,GOOD
S002,North,P0046,Clothing,155,115.32,144660.38,9003.35,66.24,1,63.99,MEDIUM_MOVER,GOOD
S002,South,P0061,Clothing,179,127.00,125235.58,7841.70,66.24,1,51.36,MEDIUM_MOVER,GOOD
S005,North,P0061,Clothing,181,134.50,129583.67,8083.44,66.23,1,48.95,MEDIUM_MOVER,GOOD
S003,North,P0057,Clothing,177,125.48,134639.53,8066.20,66.22,1,48.29,MEDIUM_MOVER,GOOD
S001,North,P0069,Clothing,181,118.28,138981.43,8694.92,66.11,2,53.29,MEDIUM_MOVER,GOOD
S001,West,P0057,Clothing,184,130.61,161036.60,9857.54,66.10,1,57.75,MEDIUM_MOVER,GOOD
S001,East,P0016,Clothing,176,129.86,137016.62,8617.85,65.66,1,55.61,MEDIUM_MOVER,GOOD
S005,West,P0069,Clothing,166,111.79,116510.36,7350.60,65.52,1,47.36,MEDIUM_MOVER,GOOD
S005,South,P0069,Clothing,172,125.82,131652.00,8224.40,65.28,1,48.18,MEDIUM_MOVER,GOOD
S002,West,P0046,Clothing,163,109.33,141242.84,8675.85,65.27,1,54.85,MEDIUM_MOVER,GOOD
S002,South,P0133,Clothing,164,120.09,128039.44,8070.14,65.26,1,55.81,MEDIUM_MOVER,GOOD
S002,North,P0178,Clothing,179,124.87,156060.87,10103.41,65.07,1,60.66,SLOW_MOVER,AVERAGE
S003,North,P0125,Clothing,166,121.00,145660.02,9039.73,64.98,1,58.93,SLOW_MOVER,AVERAGE
S001,South,P0016,Clothing,172,125.45,136111.41,8688.33,64.91,1,52.73,SLOW_MOVER,AVERAGE
S002,West,P0061,Clothing,170,129.33,132002.84,7995.79,64.87,1,54.76,SLOW_MOVER,AVERAGE
S005,South,P0016,Clothing,185,118.48,134069.33,8125.09,64.86,2,47.25,SLOW_MOVER,AVERAGE
S003,East,P0061,Clothing,174,131.90,140805.43,8904.49,64.40,1,56.64,SLOW_MOVER,AVERAGE
S004,South,P0061,Clothing,170,116.87,129024.42,8142.91,64.27,1,51.83,SLOW_MOVER,AVERAGE
S003,West,P0178,Clothing,169,127.19,143377.75,9049.57,64.17,1,59.16,SLOW_MOVER,AVERAGE
S003,South,P0066,Clothing,148,106.36,94043.08,5935.29,64.12,1,42.48,SLOW_MOVER,AVERAGE
S001,West,P0016,Clothing,170,116.39,144540.49,9075.64,63.99,1,56.88,SLOW_MOVER,AVERAGE
S005,North,P0016,Clothing,174,119.09,145280.84,9531.08,63.97,1,60.23,SLOW_MOVER,AVERAGE
S005,North,P0057,Clothing,157,118.00,139645.77,8885.21,63.95,1,63.49,SLOW_MOVER,AVERAGE
S002,South,P0187,Clothing,166,124.33,105241.38,6789.37,63.84,1,47.68,SLOW_MOVER,AVERAGE
S001,North,P0057,Clothing,174,118.43,135305.25,8684.93,63.62,1,54.98,SLOW_MOVER,AVERAGE
S005,East,P0046,Clothing,153,108.86,127608.42,8133.76,63.48,1,56.91,SLOW_MOVER,AVERAGE
S005,East,P0126,Clothing,164,111.35,149457.52,9769.79,63.42,1,63.97,SLOW_MOVER,AVERAGE
S005,North,P0178,Clothing,161,114.00,121604.54,7908.73,63.32,1,52.65,SLOW_MOVER,AVERAGE
S005,East,P0187,Clothing,166,112.43,150723.65,9472.48,63.29,1,57.04,SLOW_MOVER,AVERAGE
S001,East,P0046,Clothing,172,121.77,147225.36,9378.57,63.20,1,56.19,SLOW_MOVER,AVERAGE
S004,East,P0125,Clothing,149,105.32,125198.53,7824.87,63.01,1,57.80,SLOW_MOVER,AVERAGE
S004,North,P0187,Clothing,178,114.96,124529.90,7919.41,62.99,2,49.00,SLOW_MOVER,AVERAGE
S003,West,P0187,Clothing,167,117.77,153838.40,10024.15,62.87,1,64.00,SLOW_MOVER,AVERAGE
S003,East,P0178,Clothing,162,114.27,141050.05,8881.37,62.78,1,64.48,SLOW_MOVER,AVERAGE
S002,North,P0126,Clothing,156,109.68,120510.56,7857.94,62.77,1,55.83,SLOW_MOVER,AVERAGE
S005,North,P0133,Clothing,160,118.24,136823.61,8344.43,62.75,1,58.45,SLOW_MOVER,AVERAGE
S004,East,P0057,Clothing,168,123.90,120155.55,7933.64,62.65,1,50.49,SLOW_MOVER,AVERAGE
S001,North,P0016,Clothing,150,96.38,125780.78,7929.06,62.59,2,57.28,SLOW_MOVER,AVERAGE
S005,West,P0046,Clothing,163,131.84,127528.03,8386.81,62.39,1,56.65,SLOW_MOVER,AVERAGE
S002,West,P0187,Clothing,171,118.64,153345.66,9743.60,61.82,1,63.70,SLOW_MOVER,AVERAGE
S003,North,P0133,Clothing,169,135.84,122382.35,8100.93,61.82,1,52.38,SLOW_MOVER,AVERAGE
S005,East,P0125,Clothing,187,129.82,167050.43,10402.40,61.79,1,60.41,SLOW_MOVER,AVERAGE
S005,West,P0125,Clothing,153,106.14,122906.90,7891.71,61.71,1,60.27,SLOW_MOVER,AVERAGE
S001,North,P0125,Clothing,162,112.27,104590.06,7234.64,61.66,1,52.36,SLOW_MOVER,AVERAGE
S005,East,P0066,Clothing,183,131.33,139816.64,8894.12,61.06,1,52.85,SLOW_MOVER,AVERAGE
S004,West,P0061,Clothing,175,119.00,132779.08,8789.73,60.78,1,51.98,SLOW_MOVER,AVERAGE
S005,West,P0066,Clothing,180,122.45,124033.51,8392.92,60.68,1,51.98,SLOW_MOVER,AVERAGE
S003,North,P0187,Clothing,167,118.67,134825.56,8790.47,60.59,1,61.43,SLOW_MOVER,AVERAGE
S003,South,P0061,Clothing,141,116.06,109348.79,7415.56,60.30,1,56.86,SLOW_MOVER,AVERAGE
S003,East,P0069,Clothing,150,100.14,108388.09,7535.25,59.74,1,55.88,SLOW_MOVER,AVERAGE
S005,North,P0126,Clothing,160,112.29,133365.39,9023.63,59.63,1,62.53,SLOW_MOVER,AVERAGE
S001,South,P0069,Clothing,174,121.76,115730.02,8020.00,59.63,1,46.98,SLOW_MOVER,AVERAGE
S002,East,P0126,Clothing,130,99.79,105590.51,7181.61,59.12,1,58.57,SLOW_MOVER,AVERAGE
S005,East,P0016,Clothing,206,149.60,172217.49,11888.84,59.03,1,59.27,SLOW_MOVER,AVERAGE
S005,North,P0125,Clothing,169,116.81,136756.65,9667.70,58.93,1,62.21,SLOW_MOVER,AVERAGE
S002,South,P0069,Clothing,169,116.76,122666.63,8163.70,58.92,1,53.32,SLOW_MOVER,AVERAGE
S004,East,P0069,Clothing,162,117.25,119630.34,8280.94,58.81,1,56.28,SLOW_MOVER,AVERAGE
S003,West,P0125,Clothing,195,134.24,149833.26,10269.73,58.64,1,56.28,SLOW_MOVER,AVERAGE
S003,South,P0187,Clothing,182,125.14,171811.02,11808.77,58.59,1,64.80,SLOW_MOVER,AVERAGE
S003,South,P0125,Clothing,155,106.62,112706.18,7724.46,58.58,1,54.42,SLOW_MOVER,AVERAGE
S003,South,P0126,Clothing,183,125.19,118770.37,7966.79,58.40,1,47.91,SLOW_MOVER,AVERAGE
S005,West,P0126,Clothing,159,119.79,108702.97,7859.84,58.23,1,56.99,SLOW_MOVER,AVERAGE
S004,North,P0066,Clothing,185,126.43,155437.02,10687.36,58.23,1,61.37,SLOW_MOVER,AVERAGE
S004,East,P0046,Clothing,155,111.10,120845.50,8209.28,58.16,1,57.09,SLOW_MOVER,AVERAGE
S002,East,P0057,Clothing,156,106.57,113356.08,7975.49,58.04,1,56.70,SLOW_MOVER,AVERAGE
S002,West,P0178,Clothing,196,147.16,114263.70,8032.47,57.84,1,45.30,SLOW_MOVER,AVERAGE
S005,North,P0046,Clothing,139,98.80,107166.83,7363.24,57.59,1,60.64,NON_MOVER,NEEDS_IMPROVEMENT
S004,South,P0066,Clothing,176,131.16,110703.26,7720.34,57.35,1,49.80,NON_MOVER,NEEDS_IMPROVEMENT
S001,West,P0046,Clothing,186,130.05,141147.67,9974.83,56.64,1,56.62,NON_MOVER,NEEDS_IMPROVEMENT
S005,West,P0057,Clothing,192,127.14,127189.81,8665.21,56.51,2,48.33,NON_MOVER,NEEDS_IMPROVEMENT
S001,South,P0133,Clothing,181,125.70,115882.82,8155.25,56.45,1,51.67,NON_MOVER,NEEDS_IMPROVEMENT
S005,North,P0066,Clothing,151,99.90,88707.01,6358.49,56.28,2,45.60,NON_MOVER,NEEDS_IMPROVEMENT
S003,West,P0046,Clothing,179,124.10,93564.80,6725.47,56.20,1,38.73,NON_MOVER,NEEDS_IMPROVEMENT
S003,South,P0069,Clothing,174,126.42,128263.44,9278.99,56.04,1,57.78,NON_MOVER,NEEDS_IMPROVEMENT
S001,South,P0057,Clothing,180,130.47,134496.31,9884.70,55.98,1,58.02,NON_MOVER,NEEDS_IMPROVEMENT
S001,West,P0125,Clothing,164,118.89,113557.29,8257.03,55.97,1,56.71,NON_MOVER,NEEDS_IMPROVEMENT
S004,West,P0069,Clothing,163,124.39,89883.43,6764.20,55.71,1,47.76,NON_MOVER,NEEDS_IMPROVEMENT
S004,North,P0125,Clothing,178,122.05,143369.32,10341.70,55.49,1,61.58,NON_MOVER,NEEDS_IMPROVEMENT
S003,South,P0016,Clothing,164,105.43,113300.08,8224.13,54.89,2,56.49,NON_MOVER,NEEDS_IMPROVEMENT
S003,East,P0057,Clothing,174,130.83,136017.36,9895.97,54.75,1,61.99,NON_MOVER,NEEDS_IMPROVEMENT
S004,East,P0061,Clothing,172,115.00,118132.50,8500.75,54.36,1,57.43,NON_MOVER,NEEDS_IMPROVEMENT
S002,West,P0126,Clothing,147,103.47,93666.34,7360.15,54.28,1,53.89,NON_MOVER,NEEDS_IMPROVEMENT
S004,West,P0057,Clothing,155,103.65,91036.26,6720.12,54.27,1,46.11,NON_MOVER,NEEDS_IMPROVEMENT
S002,West,P0125,Clothing,178,119.25,98582.24,7105.46,54.26,1,46.64,NON_MOVER,NEEDS_IMPROVEMENT
S004,East,P0178,Clothing,146,97.75,99566.70,7274.73,54.25,1,53.97,NON_MOVER,NEEDS_IMPROVEMENT
S003,West,P0066,Clothing,182,119.90,109617.21,8343.63,53.39,2,48.98,NON_MOVER,NEEDS_IMPROVEMENT
S005,South,P0057,Clothing,163,112.84,111954.50,8291.75,53.38,1,56.71,NON_MOVER,NEEDS_IMPROVEMENT
S004,North,P0046,Clothing,149,108.00,89840.14,6713.85,52.99,1,49.85,NON_MOVER,NEEDS_IMPROVEMENT
S003,East,P0133,Clothing,155,112.28,117773.58,9024.66,52.92,1,60.19,NON_MOVER,NEEDS_IMPROVEMENT
S002,North,P0057,Clothing,164,118.94,114186.22,8998.99,52.80,1,61.53,NON_MOVER,NEEDS_IMPROVEMENT
S004,South,P0125,Clothing,176,120.74,122651.47,9392.75,52.72,1,56.00,NON_MOVER,NEEDS_IMPROVEMENT
S001,East,P0178,Clothing,168,114.63,111411.91,8915.50,52.68,1,57.45,NON_MOVER,NEEDS_IMPROVEMENT
S001,North,P0178,Clothing,168,114.74,112997.81,8722.26,52.56,1,56.96,NON_MOVER,NEEDS_IMPROVEMENT
S002,West,P0133,Clothing,181,137.88,133897.71,10497.11,52.52,1,64.41,NON_MOVER,NEEDS_IMPROVEMENT
S004,North,P0016,Clothing,160,107.47,123585.01,9986.63,51.74,1,62.49,NON_MOVER,NEEDS_IMPROVEMENT
S002,South,P0016,Clothing,168,119.28,116446.52,8982.48,51.73,1,57.21,NON_MOVER,NEEDS_IMPROVEMENT
S005,North,P0187,Clothing,189,133.78,114381.30,8851.16,51.61,1,49.02,NON_MOVER,NEEDS_IMPROVEMENT
S001,North,P0187,Clothing,189,126.63,120830.73,9207.13,51.57,1,53.21,NON_MOVER,NEEDS_IMPROVEMENT
S003,East,P0046,Clothing,180,126.22,105042.80,8676.29,51.19,1,51.87,NON_MOVER,NEEDS_IMPROVEMENT
S005,West,P0133,Clothing,143,111.38,86867.36,6911.98,50.52,1,51.86,NON_MOVER,NEEDS_IMPROVEMENT
S001,South,P0187,Clothing,154,106.22,88131.06,7278.03,50.28,1,53.22,NON_MOVER,NEEDS_IMPROVEMENT
S004,North,P0126,Clothing,169,120.00,118452.46,9522.78,49.02,1,60.91,NON_MOVER,NEEDS_IMPROVEMENT
S004,South,P0069,Clothing,164,104.37,95308.13,7952.71,48.97,2,51.92,NON_MOVER,NEEDS_IMPROVEMENT
S003,East,P0066,Clothing,174,136.47,106555.72,9307.15,47.73,1,58.36,NON_MOVER,NEEDS_IMPROVEMENT
S005,West,P0178,Clothing,164,111.88,113086.49,9224.05,47.15,1,61.65,NON_MOVER,NEEDS_IMPROVEMENT
S002,West,P0066,Clothing,159,115.19,96899.75,8641.01,47.10,1,58.96,NON_MOVER,NEEDS_IMPROVEMENT
S002,East,P0125,Clothing,153,110.50,100039.37,8546.54,46.86,1,55.78,NON_MOVER,NEEDS_IMPROVEMENT
S002,East,P0046,Clothing,160,102.11,94280.11,8193.69,46.73,2,52.83,NON_MOVER,NEEDS_IMPROVEMENT
S001,South,P0126,Clothing,185,123.12,106086.03,9024.66,45.93,2,51.69,NON_MOVER,NEEDS_IMPROVEMENT
S003,West,P0126,Clothing,154,116.53,91718.67,7943.36,45.89,1,57.87,NON_MOVER,NEEDS_IMPROVEMENT
S001,South,P0066,Clothing,182,136.07,113252.30,9912.21,45.46,1,57.69,NON_MOVER,NEEDS_IMPROVEMENT
S005,East,P0069,Clothing,141,87.72,92766.15,7941.64,45.43,2,58.15,NON_MOVER,NEEDS_IMPROVEMENT
S001,East,P0069,Clothing,180,112.94,114178.75,10752.12,43.22,2,62.26,NON_MOVER,NEEDS_IMPROVEMENT
S004,North,P0133,Clothing,174,130.71,81049.94,7834.39,42.64,1,50.39,NON_MOVER,NEEDS_IMPROVEMENT
S002,East,P0069,Clothing,162,112.67,64338.03,6312.07,42.38,1,42.26,NON_MOVER,NEEDS_IMPROVEMENT
S001,West,P0061,Clothing,158,117.00,71486.62,6811.04,42.04,1,47.13,NON_MOVER,NEEDS_IMPROVEMENT
S004,East,P0016,Clothing,166,122.79,71956.10,6746.70,42.03,1,44.91,NON_MOVER,NEEDS_IMPROVEMENT
S003,North,P0016,Clothing,163,109.13,61533.14,6070.24,40.80,1,39.62,NON_MOVER,NEEDS_IMPROVEMENT
S005,West,P0061,Clothing,147,116.75,61879.76,6658.84,38.67,1,45.82,NON_MOVER,NEEDS_IMPROVEMENT
S004,South,P0178,Clothing,158,105.00,93176.62,9979.20,37.73,2,64.44,NON_MOVER,NEEDS_IMPROVEMENT
S002,North,P0066,Clothing,169,115.62,68877.58,7883.80,36.10,1,46.72,NON_MOVER,NEEDS_IMPROVEMENT
S005,North,P0175,Electronics,133,82.58,116307.70,5762.71,83.13,2,44.38,FAST_MOVER,EXCELLENT
S005,West,P0031,Electronics,136,89.90,143737.05,7110.34,83.07,2,56.45,FAST_MOVER,EXCELLENT
S002,West,P0175,Electronics,148,99.30,137593.83,6900.79,81.89,1,48.29,FAST_MOVER,EXCELLENT
S002,South,P0031,Electronics,144,89.88,163936.04,8182.92,80.89,2,60.23,FAST_MOVER,EXCELLENT
S003,North,P0183,Electronics,138,86.42,127206.68,6559.51,78.82,2,52.88,FAST_MOVER,EXCELLENT
S004,South,P0068,Electronics,135,81.56,126992.79,6610.48,78.66,2,53.22,FAST_MOVER,EXCELLENT
S002,North,P0085,Electronics,148,92.06,147707.31,7568.92,78.26,2,54.34,FAST_MOVER,EXCELLENT
S002,North,P0070,Electronics,144,98.75,126467.40,6535.16,77.66,1,49.66,FAST_MOVER,EXCELLENT
S001,East,P0171,Electronics,140,88.30,146757.42,7453.64,76.85,2,56.13,FAST_MOVER,EXCELLENT
S001,North,P0068,Electronics,134,86.45,133498.81,6764.45,76.03,2,54.81,FAST_MOVER,EXCELLENT
S005,West,P0068,Electronics,130,89.48,113807.15,6461.17,75.63,1,55.08,FAST_MOVER,EXCELLENT
S003,South,P0031,Electronics,130,86.04,116053.98,6102.43,75.15,2,52.20,FAST_MOVER,EXCELLENT
S003,East,P0159,Electronics,133,84.28,105939.42,5659.62,74.70,2,48.06,FAST_MOVER,EXCELLENT
S002,East,P0183,Electronics,141,89.72,128566.67,7344.58,74.66,2,54.76,FAST_MOVER,EXCELLENT
S002,West,P0068,Electronics,137,83.83,127872.50,6935.19,74.56,2,57.10,FAST_MOVER,EXCELLENT
S002,South,P0171,Electronics,149,104.54,148962.02,8478.29,74.09,1,63.06,FAST_MOVER,EXCELLENT
S002,East,P0159,Electronics,143,100.04,128187.76,7216.30,74.02,1,53.61,FAST_MOVER,EXCELLENT
S003,East,P0070,Electronics,156,94.23,142003.11,7787.32,73.71,2,52.83,FAST_MOVER,EXCELLENT
S001,South,P0070,Electronics,125,86.88,133001.78,7273.65,73.20,1,64.84,FAST_MOVER,EXCELLENT
S001,North,P0085,Electronics,134,92.62,129469.48,7097.87,72.86,1,58.68,FAST_MOVER,EXCELLENT
S003,South,P0070,Electronics,131,90.54,127578.38,6975.63,72.73,1,58.78,FAST_MOVER,EXCELLENT
S005,South,P0159,Electronics,143,91.36,121348.93,6997.24,72.49,2,52.78,FAST_MOVER,EXCELLENT
S004,East,P0183,Electronics,144,98.54,117463.80,6777.25,72.39,1,50.00,FAST_MOVER,EXCELLENT
S001,North,P0159,Electronics,140,95.69,134751.22,7500.87,72.31,1,57.10,FAST_MOVER,EXCELLENT
S003,South,P0085,Electronics,124,84.62,107865.56,6108.26,71.82,1,52.58,FAST_MOVER,EXCELLENT
S001,West,P0031,Electronics,143,86.14,102172.45,6044.12,71.03,2,45.06,FAST_MOVER,EXCELLENT
S004,South,P0085,Electronics,137,88.44,97331.24,5534.46,70.69,2,41.15,FAST_MOVER,EXCELLENT
S003,South,P0183,Electronics,139,96.32,97233.08,5500.52,70.38,1,43.61,FAST_MOVER,EXCELLENT
S003,North,P0171,Electronics,136,85.81,117921.66,6900.73,69.21,2,55.48,FAST_MOVER,EXCELLENT
S005,North,P0159,Electronics,131,82.63,111758.65,6346.76,69.03,2,55.09,FAST_MOVER,EXCELLENT
S001,South,P0175,Electronics,124,83.88,109715.61,6588.84,68.83,1,53.02,FAST_MOVER,EXCELLENT
S004,North,P0159,Electronics,135,99.04,129842.19,7288.64,68.46,1,58.92,FAST_MOVER,EXCELLENT
S003,West,P0159,Electronics,150,92.96,114851.24,6703.38,67.96,2,47.74,FAST_MOVER,EXCELLENT
S004,East,P0070,Electronics,141,94.28,105073.79,6464.01,67.89,1,47.36,FAST_MOVER,EXCELLENT
S005,South,P0070,Electronics,126,87.58,110358.83,6574.53,67.77,1,57.43,FAST_MOVER,EXCELLENT
S003,West,P0171,Electronics,139,88.92,118936.72,7361.17,67.57,2,55.74,FAST_MOVER,EXCELLENT
S005,North,P0171,Electronics,146,96.04,136281.09,8308.50,66.90,2,62.69,FAST_MOVER,EXCELLENT
S002,East,P0070,Electronics,138,98.87,111441.07,7042.93,66.77,1,51.63,FAST_MOVER,EXCELLENT
S005,West,P0183,Electronics,128,87.42,109799.21,6690.25,66.24,1,54.66,FAST_MOVER,EXCELLENT
S001,North,P0031,Electronics,143,96.83,129285.46,8036.25,65.95,1,60.37,FAST_MOVER,EXCELLENT
S005,South,P0171,Electronics,150,89.59,107649.02,6583.19,65.55,2,51.03,MEDIUM_MOVER,GOOD
S004,West,P0159,Electronics,125,84.17,87448.72,5678.63,65.41,1,46.29,MEDIUM_MOVER,GOOD
S003,West,P0031,Electronics,132,88.92,103539.97,6496.09,65.34,1,57.31,MEDIUM_MOVER,GOOD
S001,West,P0175,Electronics,126,84.46,90411.32,5967.80,65.20,1,47.11,MEDIUM_MOVER,GOOD
S002,North,P0183,Electronics,145,92.80,115108.49,6910.11,65.01,2,53.32,MEDIUM_MOVER,GOOD
S003,South,P0068,Electronics,122,88.68,113701.75,7141.02,64.95,1,60.53,MEDIUM_MOVER,GOOD
S004,South,P0159,Electronics,146,97.25,114163.43,7188.39,64.89,2,53.43,MEDIUM_MOVER,GOOD
S003,South,P0171,Electronics,131,86.71,105186.52,6612.49,64.63,2,51.36,MEDIUM_MOVER,GOOD
S003,South,P0175,Electronics,126,83.54,97274.39,6226.59,64.62,2,54.45,MEDIUM_MOVER,GOOD
S003,West,P0068,Electronics,140,97.22,97741.77,6381.45,64.61,1,49.83,MEDIUM_MOVER,GOOD
S005,West,P0085,Electronics,125,86.17,110507.49,6818.55,64.15,1,54.86,MEDIUM_MOVER,GOOD
S002,North,P0171,Electronics,145,87.31,105740.47,6844.71,63.69,2,52.62,MEDIUM_MOVER,GOOD
S002,East,P0085,Electronics,129,87.87,108447.07,6999.35,63.58,1,61.66,MEDIUM_MOVER,GOOD
S002,North,P0159,Electronics,142,96.61,93425.14,6103.28,63.54,1,47.96,MEDIUM_MOVER,GOOD
S001,West,P0159,Electronics,140,84.27,118738.99,7633.49,63.49,2,56.75,MEDIUM_MOVER,GOOD
S005,North,P0070,Electronics,130,84.42,117210.61,7729.01,63.43,2,62.82,MEDIUM_MOVER,GOOD
S004,North,P0171,Electronics,136,78.67,94990.50,6134.94,63.32,2,50.30,MEDIUM_MOVER,GOOD
S004,West,P0175,Electronics,148,95.83,110511.04,7220.30,63.11,2,51.38,MEDIUM_MOVER,GOOD
S004,West,P0171,Electronics,125,81.17,110360.37,6924.74,63.03,2,57.98,MEDIUM_MOVER,GOOD
S005,East,P0085,Electronics,141,90.92,113139.69,7284.75,62.67,2,55.84,MEDIUM_MOVER,GOOD
S004,North,P0031,Electronics,126,88.64,101635.90,6324.29,62.54,1,56.22,MEDIUM_MOVER,GOOD
S001,East,P0175,Electronics,136,95.05,104015.45,6833.76,62.52,1,47.73,MEDIUM_MOVER,GOOD
S004,South,P0031,Electronics,144,88.88,109742.09,7131.33,62.48,2,56.12,MEDIUM_MOVER,GOOD
S004,South,P0070,Electronics,126,81.00,100290.62,6534.46,62.47,2,54.61,MEDIUM_MOVER,GOOD
S004,East,P0031,Electronics,126,88.09,100350.80,6293.07,62.33,1,54.99,MEDIUM_MOVER,GOOD
S005,North,P0183,Electronics,141,86.52,116893.59,7669.23,62.00,2,55.56,MEDIUM_MOVER,GOOD
S003,East,P0175,Electronics,150,95.08,113547.43,7626.77,61.85,2,52.09,MEDIUM_MOVER,GOOD
S005,North,P0085,Electronics,128,77.72,120130.99,7794.48,61.74,2,67.66,MEDIUM_MOVER,GOOD
S004,North,P0175,Electronics,140,96.82,108077.36,7018.76,61.68,1,55.06,MEDIUM_MOVER,GOOD
S004,East,P0085,Electronics,149,98.30,125345.78,8375.67,61.67,2,61.58,MEDIUM_MOVER,GOOD
S001,East,P0068,Electronics,143,90.25,121545.76,8044.82,61.52,2,59.74,MEDIUM_MOVER,GOOD
S003,West,P0070,Electronics,146,91.79,105444.16,6784.44,61.37,2,49.23,MEDIUM_MOVER,GOOD
S005,West,P0070,Electronics,108,77.95,92388.81,5973.40,61.31,1,61.42,MEDIUM_MOVER,GOOD
S002,East,P0068,Electronics,133,95.57,109116.40,7356.09,60.98,1,59.76,MEDIUM_MOVER,GOOD
S005,East,P0171,Electronics,123,80.57,104131.06,6927.51,60.90,2,61.62,MEDIUM_MOVER,GOOD
S005,South,P0068,Electronics,137,89.09,111444.21,7582.19,60.77,2,59.11,MEDIUM_MOVER,GOOD
S002,West,P0085,Electronics,132,81.71,92426.31,6129.11,60.44,2,50.98,MEDIUM_MOVER,GOOD
S001,East,P0183,Electronics,132,85.43,108888.33,7210.58,60.43,2,57.07,MEDIUM_MOVER,GOOD
S004,South,P0175,Electronics,160,103.48,151509.46,10014.41,60.28,2,66.45,MEDIUM_MOVER,GOOD
S002,West,P0159,Electronics,150,106.10,128074.95,8454.20,60.22,1,59.32,MEDIUM_MOVER,GOOD
S003,North,P0085,Electronics,141,87.13,124799.65,8141.71,60.18,2,63.96,SLOW_MOVER,AVERAGE
S003,East,P0068,Electronics,144,88.58,106237.06,7260.23,60.07,2,54.50,SLOW_MOVER,AVERAGE
S005,South,P0085,Electronics,129,100.63,108226.24,7327.37,60.01,1,59.74,SLOW_MOVER,AVERAGE
S004,North,P0085,Electronics,138,88.22,95559.01,6636.37,59.63,2,54.91,SLOW_MOVER,AVERAGE
S003,West,P0175,Electronics,145,92.70,107222.08,7275.02,59.56,2,55.70,SLOW_MOVER,AVERAGE
S001,West,P0183,Electronics,147,90.00,119536.77,8021.66,59.42,2,57.44,SLOW_MOVER,AVERAGE
S001,East,P0070,Electronics,129,78.67,82190.24,5762.70,59.24,2,50.49,SLOW_MOVER,AVERAGE
S004,North,P0068,Electronics,141,93.14,105977.20,7297.37,58.82,2,58.18,SLOW_MOVER,AVERAGE
S001,West,P0085,Electronics,136,85.43,100713.94,7219.63,58.43,2,56.65,SLOW_MOVER,AVERAGE
S003,East,P0085,Electronics,124,84.43,99023.34,6953.91,58.19,1,58.08,SLOW_MOVER,AVERAGE
S001,North,P0070,Electronics,129,80.35,94067.27,6501.29,57.94,2,57.39,SLOW_MOVER,AVERAGE
S002,East,P0175,Electronics,127,85.43,97267.68,6855.70,57.40,1,60.85,SLOW_MOVER,AVERAGE
S002,West,P0171,Electronics,130,87.24,90022.96,6299.67,57.19,1,56.08,SLOW_MOVER,AVERAGE
S004,North,P0070,Electronics,143,95.76,101791.92,7501.25,57.19,1,55.73,SLOW_MOVER,AVERAGE
S005,South,P0183,Electronics,139,85.30,103900.12,7319.02,57.17,2,56.27,SLOW_MOVER,AVERAGE
S001,North,P0171,Electronics,132,92.65,96773.34,6965.53,57.15,1,56.36,SLOW_MOVER,AVERAGE
S005,North,P0068,Electronics,137,87.91,116035.88,7996.53,57.10,2,62.23,SLOW_MOVER,AVERAGE
S005,East,P0070,Electronics,130,82.82,94853.90,6571.06,56.92,2,56.72,SLOW_MOVER,AVERAGE
S003,West,P0085,Electronics,126,88.20,83888.15,6376.49,56.78,1,53.23,SLOW_MOVER,AVERAGE
S001,South,P0159,Electronics,136,94.85,89558.62,6334.25,56.78,1,52.63,SLOW_MOVER,AVERAGE
S003,East,P0183,Electronics,137,91.00,103445.09,7393.29,56.75,2,59.13,SLOW_MOVER,AVERAGE
S005,South,P0031,Electronics,127,80.50,118865.73,8264.18,56.66,2,67.71,SLOW_MOVER,AVERAGE
S001,North,P0183,Electronics,129,81.32,107566.77,7767.00,56.38,2,63.85,SLOW_MOVER,AVERAGE
S003,North,P0175,Electronics,132,91.45,79077.14,5622.84,56.11,1,48.01,SLOW_MOVER,AVERAGE
S001,South,P0171,Electronics,137,85.82,110416.74,7978.26,55.80,2,57.78,SLOW_MOVER,AVERAGE
S002,West,P0070,Electronics,132,86.43,81121.34,5945.14,55.76,2,51.28,SLOW_MOVER,AVERAGE
S005,East,P0031,Electronics,139,90.90,103543.02,7873.58,55.76,2,61.66,SLOW_MOVER,AVERAGE
S004,West,P0031,Electronics,138,86.32,85327.22,6344.86,55.64,2,48.95,SLOW_MOVER,AVERAGE
S003,East,P0031,Electronics,123,73.48,78617.92,5551.52,55.60,2,47.17,SLOW_MOVER,AVERAGE
S004,West,P0068,Electronics,157,102.38,106109.20,7812.95,55.50,2,54.82,SLOW_MOVER,AVERAGE
S004,South,P0183,Electronics,140,86.95,102038.59,7927.46,55.31,2,58.70,SLOW_MOVER,AVERAGE
S001,East,P0031,Electronics,130,84.38,100723.48,7091.63,55.24,2,58.93,SLOW_MOVER,AVERAGE
S004,South,P0171,Electronics,142,100.74,96612.24,6761.03,54.79,1,56.35,SLOW_MOVER,AVERAGE
S002,South,P0159,Electronics,147,94.05,105057.14,7765.99,54.56,2,55.70,SLOW_MOVER,AVERAGE
S001,South,P0183,Electronics,137,83.27,86965.51,6694.59,54.23,2,53.44,SLOW_MOVER,AVERAGE
S005,South,P0175,Electronics,134,85.19,95555.83,7165.48,54.07,2,56.39,SLOW_MOVER,AVERAGE
S003,North,P0068,Electronics,149,90.18,93023.60,7050.45,54.03,2,54.63,SLOW_MOVER,AVERAGE
S001,West,P0068,Electronics,131,85.90,86915.10,6361.50,53.31,2,51.84,SLOW_MOVER,AVERAGE
S005,West,P0159,Electronics,148,102.53,108292.86,8426.33,53.29,1,61.52,SLOW_MOVER,AVERAGE
S001,East,P0085,Electronics,157,97.14,103899.11,8108.56,52.66,2,54.60,SLOW_MOVER,AVERAGE
S005,East,P0068,Electronics,133,89.68,116133.40,8963.44,52.10,1,72.80,NON_MOVER,NEEDS_IMPROVEMENT
S004,East,P0171,Electronics,155,94.43,123212.03,9683.20,52.00,2,64.29,NON_MOVER,NEEDS_IMPROVEMENT
S004,East,P0175,Electronics,139,81.00,90335.15,7156.12,51.84,2,55.31,NON_MOVER,NEEDS_IMPROVEMENT
S002,North,P0068,Electronics,142,94.95,89971.61,7062.53,51.48,1,57.14,NON_MOVER,NEEDS_IMPROVEMENT
S004,East,P0159,Electronics,151,95.35,90582.09,6958.05,51.27,2,51.65,NON_MOVER,NEEDS_IMPROVEMENT
S002,East,P0031,Electronics,138,82.62,68217.62,5545.31,50.88,2,41.88,NON_MOVER,NEEDS_IMPROVEMENT
S004,West,P0183,Electronics,136,77.45,75436.69,6263.75,50.66,2,46.85,NON_MOVER,NEEDS_IMPROVEMENT
S002,West,P0031,Electronics,143,93.89,85594.29,6989.97,50.54,2,52.31,NON_MOVER,NEEDS_IMPROVEMENT
S002,South,P0175,Electronics,153,86.23,114660.07,8996.62,50.45,2,59.61,NON_MOVER,NEEDS_IMPROVEMENT
S001,South,P0085,Electronics,131,77.33,82803.05,6519.39,50.33,2,51.38,NON_MOVER,NEEDS_IMPROVEMENT
S001,South,P0068,Electronics,120,81.89,67912.21,5660.51,49.82,1,52.00,NON_MOVER,NEEDS_IMPROVEMENT
S002,East,P0171,Electronics,135,91.89,102861.53,8269.20,49.81,1,65.83,NON_MOVER,NEEDS_IMPROVEMENT
S004,West,P0070,Electronics,139,81.29,93420.18,7988.34,49.65,2,62.65,NON_MOVER,NEEDS_IMPROVEMENT
S001,West,P0171,Electronics,136,87.21,80857.48,6878.13,49.49,2,52.59,NON_MOVER,NEEDS_IMPROVEMENT
S002,West,P0183,Electronics,129,77.60,62324.99,5383.78,48.94,2,46.68,NON_MOVER,NEEDS_IMPROVEMENT
S001,North,P0175,Electronics,140,84.40,95686.57,7762.48,48.76,2,60.74,NON_MOVER,NEEDS_IMPROVEMENT
S004,West,P0085,Electronics,124,83.11,89356.16,7367.62,48.75,1,65.42,NON_MOVER,NEEDS_IMPROVEMENT
S005,East,P0183,Electronics,131,82.84,74790.07,6103.64,48.55,2,50.24,NON_MOVER,NEEDS_IMPROVEMENT
S002,North,P0175,Electronics,139,90.89,86743.72,7571.01,47.77,2,59.45,NON_MOVER,NEEDS_IMPROVEMENT
S002,North,P0031,Electronics,128,79.11,80029.53,6813.71,47.72,2,60.11,NON_MOVER,NEEDS_IMPROVEMENT
S005,East,P0175,Electronics,152,88.45,92164.97,7829.06,47.31,2,54.81,NON_MOVER,NEEDS_IMPROVEMENT
S003,South,P0159,Electronics,147,95.22,75394.82,6237.89,47.18,2,46.21,NON_MOVER,NEEDS_IMPROVEMENT
S002,South,P0070,Electronics,123,74.42,75865.61,6401.64,46.46,2,59.00,NON_MOVER,NEEDS_IMPROVEMENT
S001,East,P0159,Electronics,147,88.84,97316.60,8784.53,46.44,2,63.30,NON_MOVER,NEEDS_IMPROVEMENT
S004,North,P0183,Electronics,143,77.57,88077.29,7445.15,46.11,2,53.20,NON_MOVER,NEEDS_IMPROVEMENT
S005,East,P0159,Electronics,142,94.29,98592.49,8589.05,45.88,2,65.43,NON_MOVER,NEEDS_IMPROVEMENT
S001,West,P0070,Electronics,159,99.67,85986.80,7572.25,45.74,2,53.66,NON_MOVER,NEEDS_IMPROVEMENT
S005,West,P0171,Electronics,143,100.38,87105.91,7953.28,45.67,1,56.86,NON_MOVER,NEEDS_IMPROVEMENT
S002,South,P0183,Electronics,120,78.41,67181.08,6209.78,45.23,2,58.87,NON_MOVER,NEEDS_IMPROVEMENT
S005,North,P0031,Electronics,141,92.24,88951.85,8169.51,45.08,2,64.00,NON_MOVER,NEEDS_IMPROVEMENT
S002,South,P0068,Electronics,116,61.19,64438.52,5777.65,44.94,2,55.76,NON_MOVER,NEEDS_IMPROVEMENT
S005,West,P0175,Electronics,138,87.35,85900.08,7624.29,43.51,2,58.63,NON_MOVER,NEEDS_IMPROVEMENT
S003,North,P0159,Electronics,138,84.59,62574.87,6140.35,42.15,2,50.86,NON_MOVER,NEEDS_IMPROVEMENT
S001,South,P0031,Electronics,134,81.24,72695.66,6933.92,41.93,2,55.08,NON_MOVER,NEEDS_IMPROVEMENT
S003,North,P0031,Electronics,131,77.94,67990.26,7211.88,38.53,2,54.73,NON_MOVER,NEEDS_IMPROVEMENT
S003,West,P0183,Electronics,149,98.43,62464.46,6580.11,37.60,2,48.90,NON_MOVER,NEEDS_IMPROVEMENT
S004,East,P0068,Electronics,143,78.38,54261.31,6258.86,35.56,2,48.81,NON_MOVER,NEEDS_IMPROVEMENT
S002,South,P0085,Electronics,135,88.69,66676.49,7829.97,34.62,2,64.71,NON_MOVER,NEEDS_IMPROVEMENT
S003,East,P0171,Electronics,154,90.14,58780.70,7075.19,33.23,2,49.02,NON_MOVER,NEEDS_IMPROVEMENT
S003,North,P0070,Electronics,170,103.82,57000.98,8465.95,27.26,2,55.06,NON_MOVER,NEEDS_IMPROVEMENT
S004,East,P0116,Furniture,150,97.50,216957.52,8540.55,99.87,2,58.42,FAST_MOVER,EXCELLENT
S002,North,P0149,Furniture,131,88.70,154432.73,6748.69,90.85,1,54.65,FAST_MOVER,EXCELLENT
S001,North,P0149,Furniture,157,103.61,178864.66,7845.51,88.40,2,55.95,FAST_MOVER,EXCELLENT
S004,North,P0079,Furniture,135,90.75,139266.68,6216.95,87.56,1,48.50,FAST_MOVER,EXCELLENT
S005,East,P0116,Furniture,140,99.77,129014.23,6172.72,86.60,1,49.91,FAST_MOVER,EXCELLENT
S003,West,P0149,Furniture,135,87.16,141416.70,6773.58,84.00,2,56.18,FAST_MOVER,EXCELLENT
S005,South,P0153,Furniture,139,100.25,142461.84,6920.60,81.67,1,55.40,FAST_MOVER,EXCELLENT
S002,West,P0129,Furniture,141,98.04,126086.23,6494.36,79.19,1,52.01,FAST_MOVER,EXCELLENT
S003,East,P0116,Furniture,147,97.31,153999.79,8020.02,77.91,2,61.01,FAST_MOVER,EXCELLENT
S001,West,P0067,Furniture,142,96.68,158356.33,8230.01,77.25,1,64.85,FAST_MOVER,EXCELLENT
S004,South,P0149,Furniture,151,95.17,144622.31,7671.27,76.93,2,57.24,FAST_MOVER,EXCELLENT
S002,South,P0153,Furniture,144,97.67,121397.75,6313.61,74.23,1,50.11,FAST_MOVER,EXCELLENT
S004,North,P0153,Furniture,128,86.44,109502.17,5968.10,74.17,1,48.26,FAST_MOVER,EXCELLENT
S001,East,P0129,Furniture,135,98.64,118376.18,6640.13,73.84,1,55.62,FAST_MOVER,EXCELLENT
S002,South,P0079,Furniture,147,102.69,139896.62,7766.15,73.68,1,55.53,FAST_MOVER,EXCELLENT
S001,East,P0079,Furniture,142,98.85,105841.27,6057.37,73.54,1,44.00,FAST_MOVER,EXCELLENT
S005,North,P0153,Furniture,151,109.04,126115.47,7027.13,73.18,1,50.98,FAST_MOVER,EXCELLENT
S004,West,P0153,Furniture,127,85.00,106950.34,5998.37,73.05,1,52.19,FAST_MOVER,EXCELLENT
S002,South,P0067,Furniture,124,84.73,131712.15,7271.07,72.25,1,64.94,FAST_MOVER,EXCELLENT
S004,West,P0079,Furniture,126,93.13,121018.64,6781.10,71.91,1,60.82,FAST_MOVER,EXCELLENT
S003,North,P0153,Furniture,129,94.75,104392.09,6102.03,71.38,1,52.25,FAST_MOVER,EXCELLENT
S003,South,P0067,Furniture,140,88.07,123020.59,6834.12,71.34,2,51.98,FAST_MOVER,EXCELLENT
S005,East,P0129,Furniture,151,95.00,156324.88,9191.11,71.32,2,63.62,FAST_MOVER,EXCELLENT
S003,North,P0129,Furniture,130,89.96,90603.07,5324.98,70.33,1,42.86,FAST_MOVER,EXCELLENT
S005,South,P0149,Furniture,126,86.96,103289.75,5928.24,70.22,1,50.86,FAST_MOVER,EXCELLENT
S004,South,P0067,Furniture,148,94.26,135705.79,7864.12,69.95,2,56.62,FAST_MOVER,EXCELLENT
S003,South,P0153,Furniture,127,84.19,127849.38,7390.05,69.75,2,61.14,FAST_MOVER,EXCELLENT
S001,North,P0153,Furniture,139,99.50,126796.30,7593.12,69.55,1,54.82,FAST_MOVER,EXCELLENT
S003,West,P0067,Furniture,146,91.78,117771.62,7069.65,68.99,2,49.17,FAST_MOVER,EXCELLENT
S005,East,P0079,Furniture,143,101.33,128400.85,7628.41,68.93,1,55.60,FAST_MOVER,EXCELLENT
S005,North,P0079,Furniture,133,89.96,117896.50,6954.10,68.72,1,56.37,MEDIUM_MOVER,GOOD
S002,East,P0067,Furniture,151,97.50,109284.00,6602.29,68.22,2,45.75,MEDIUM_MOVER,GOOD
S001,North,P0129,Furniture,158,104.12,111527.15,6643.95,66.73,2,46.03,MEDIUM_MOVER,GOOD
S002,North,P0116,Furniture,142,83.25,120220.12,7396.43,66.37,2,56.63,MEDIUM_MOVER,GOOD
S002,North,P0067,Furniture,145,103.13,114019.94,6870.31,66.20,1,51.75,MEDIUM_MOVER,GOOD
S002,East,P0129,Furniture,143,93.00,110665.65,6925.28,66.01,2,53.01,MEDIUM_MOVER,GOOD
S001,South,P0149,Furniture,132,89.21,91934.70,5860.62,66.01,1,50.74,MEDIUM_MOVER,GOOD
S003,East,P0153,Furniture,128,89.52,119385.85,7134.26,65.28,1,61.89,MEDIUM_MOVER,GOOD
S003,West,P0079,Furniture,135,93.74,90385.62,5636.21,64.87,1,43.34,MEDIUM_MOVER,GOOD
S005,East,P0067,Furniture,149,99.33,103513.76,6583.60,64.83,2,48.41,MEDIUM_MOVER,GOOD
S002,North,P0079,Furniture,128,85.29,115456.14,7154.61,64.82,2,63.12,MEDIUM_MOVER,GOOD
S001,North,P0079,Furniture,144,99.43,135007.13,8121.07,64.41,1,60.01,MEDIUM_MOVER,GOOD
S005,West,P0067,Furniture,142,90.00,103793.05,6389.36,64.15,2,51.62,MEDIUM_MOVER,GOOD
S002,West,P0153,Furniture,128,80.00,114939.74,7406.95,63.17,2,62.64,MEDIUM_MOVER,GOOD
S001,East,P0116,Furniture,161,104.25,133959.07,8534.67,63.17,2,56.15,MEDIUM_MOVER,GOOD
S005,North,P0129,Furniture,159,98.80,123270.32,8012.70,63.14,2,50.56,MEDIUM_MOVER,GOOD
S004,North,P0129,Furniture,121,81.91,99155.55,6353.50,62.90,1,55.44,MEDIUM_MOVER,GOOD
S004,West,P0129,Furniture,143,92.17,96325.59,6036.57,62.86,2,48.57,MEDIUM_MOVER,GOOD
S003,South,P0129,Furniture,138,91.91,117493.73,7979.17,62.34,1,60.47,MEDIUM_MOVER,GOOD
S001,West,P0153,Furniture,150,95.71,119819.32,7879.90,62.19,2,55.58,MEDIUM_MOVER,GOOD
S005,North,P0149,Furniture,147,93.33,112880.88,7680.08,61.99,2,57.12,MEDIUM_MOVER,GOOD
S004,East,P0067,Furniture,122,80.43,99928.16,6394.83,61.70,2,55.45,MEDIUM_MOVER,GOOD
S004,East,P0129,Furniture,135,85.29,100420.85,6512.56,61.48,2,52.87,MEDIUM_MOVER,GOOD
S002,East,P0116,Furniture,145,93.96,119431.24,8166.75,60.51,2,62.97,MEDIUM_MOVER,GOOD
S004,North,P0149,Furniture,123,83.00,71208.85,4833.59,60.30,1,43.94,MEDIUM_MOVER,GOOD
S003,South,P0079,Furniture,134,90.36,98152.16,6960.34,60.23,1,55.68,MEDIUM_MOVER,GOOD
S004,West,P0067,Furniture,139,89.96,101499.45,6716.99,60.20,2,52.18,MEDIUM_MOVER,GOOD
S001,East,P0153,Furniture,142,95.27,105097.19,7270.86,60.04,1,51.41,MEDIUM_MOVER,GOOD
S001,East,P0067,Furniture,141,86.38,101616.92,6702.58,59.78,2,53.24,MEDIUM_MOVER,GOOD
S001,West,P0116,Furniture,132,90.48,103324.62,7284.30,58.48,1,58.77,MEDIUM_MOVER,GOOD
S003,West,P0129,Furniture,128,83.86,86552.95,5812.66,58.33,2,48.47,SLOW_MOVER,AVERAGE
S003,North,P0079,Furniture,144,86.00,96917.57,6556.59,58.15,2,51.14,SLOW_MOVER,AVERAGE
S005,South,P0067,Furniture,152,98.91,115347.71,8178.89,57.97,2,60.35,SLOW_MOVER,AVERAGE
S003,North,P0116,Furniture,156,95.65,114481.02,7999.78,57.31,2,54.96,SLOW_MOVER,AVERAGE
S001,North,P0067,Furniture,143,95.81,100067.80,6996.46,57.19,1,51.77,SLOW_MOVER,AVERAGE
S002,East,P0079,Furniture,147,93.91,91729.24,6852.43,57.18,2,53.25,SLOW_MOVER,AVERAGE
S001,South,P0079,Furniture,163,104.14,110371.80,7929.90,57.13,2,53.03,SLOW_MOVER,AVERAGE
S001,West,P0079,Furniture,130,91.80,79185.20,5541.00,57.12,1,45.46,SLOW_MOVER,AVERAGE
S001,North,P0116,Furniture,162,99.00,112837.79,8012.05,57.02,2,56.76,SLOW_MOVER,AVERAGE
S004,South,P0153,Furniture,150,100.43,103334.51,7196.80,57.00,1,52.88,SLOW_MOVER,AVERAGE
S003,East,P0129,Furniture,129,86.00,73391.98,5177.05,56.82,1,43.51,SLOW_MOVER,AVERAGE
S003,East,P0079,Furniture,139,88.55,94932.78,6800.92,56.80,2,52.24,SLOW_MOVER,AVERAGE
S002,South,P0129,Furniture,154,102.71,97716.02,7161.49,56.79,1,49.13,SLOW_MOVER,AVERAGE
S002,West,P0149,Furniture,126,92.53,90082.42,6751.02,56.63,1,55.67,SLOW_MOVER,AVERAGE
S004,South,P0116,Furniture,143,94.43,83400.84,6156.35,56.26,2,47.19,SLOW_MOVER,AVERAGE
S005,South,P0129,Furniture,141,89.05,113743.76,8196.71,56.22,2,63.93,SLOW_MOVER,AVERAGE
S005,North,P0116,Furniture,145,90.77,94993.42,6735.49,55.68,2,52.50,SLOW_MOVER,AVERAGE
S003,South,P0149,Furniture,146,99.50,92341.16,6520.51,55.45,1,51.08,SLOW_MOVER,AVERAGE
S004,East,P0149,Furniture,135,80.04,95821.50,7277.47,55.38,2,59.36,SLOW_MOVER,AVERAGE
S005,West,P0153,Furniture,140,95.65,102867.32,7688.94,55.28,1,60.43,SLOW_MOVER,AVERAGE
S003,North,P0149,Furniture,144,97.60,88973.50,6392.12,55.11,1,48.12,SLOW_MOVER,AVERAGE
S002,South,P0116,Furniture,136,83.82,89794.98,6903.07,54.95,2,57.70,SLOW_MOVER,AVERAGE
S003,West,P0116,Furniture,139,89.48,105768.44,7445.57,54.84,2,57.15,SLOW_MOVER,AVERAGE
S001,South,P0129,Furniture,138,88.67,103133.18,7633.94,54.70,2,61.54,SLOW_MOVER,AVERAGE
S005,South,P0079,Furniture,135,86.81,100744.31,7445.87,54.65,2,58.13,SLOW_MOVER,AVERAGE
S005,West,P0079,Furniture,150,95.95,96251.95,7397.97,54.55,2,52.90,SLOW_MOVER,AVERAGE
S005,East,P0149,Furniture,166,111.30,116775.52,8827.31,54.25,1,54.80,SLOW_MOVER,AVERAGE
S005,West,P0116,Furniture,153,97.38,92270.74,7063.19,54.21,2,51.93,SLOW_MOVER,AVERAGE
S002,West,P0079,Furniture,144,101.32,89840.50,6636.09,54.16,1,48.53,SLOW_MOVER,AVERAGE
S001,South,P0116,Furniture,158,91.35,105010.54,7836.03,54.03,2,52.52,SLOW_MOVER,AVERAGE
S005,West,P0149,Furniture,137,82.55,90813.26,6844.06,53.92,2,51.71,NON_MOVER,NEEDS_IMPROVEMENT
S001,South,P0153,Furniture,153,96.52,92616.06,7134.01,53.85,2,50.35,NON_MOVER,NEEDS_IMPROVEMENT
S003,East,P0067,Furniture,142,97.58,90965.16,6840.30,52.87,1,52.97,NON_MOVER,NEEDS_IMPROVEMENT
S002,East,P0149,Furniture,140,90.55,91063.04,6676.93,52.33,2,51.26,NON_MOVER,NEEDS_IMPROVEMENT
S004,South,P0129,Furniture,133,86.00,87999.40,6976.03,52.27,2,57.45,NON_MOVER,NEEDS_IMPROVEMENT
S005,East,P0153,Furniture,132,93.83,102216.70,7920.56,51.87,1,61.59,NON_MOVER,NEEDS_IMPROVEMENT
S003,East,P0149,Furniture,141,94.21,84232.02,6200.97,51.60,1,49.63,NON_MOVER,NEEDS_IMPROVEMENT
S001,West,P0129,Furniture,140,88.65,101563.85,8290.68,51.42,2,62.48,NON_MOVER,NEEDS_IMPROVEMENT
S003,West,P0153,Furniture,133,92.11,87984.52,6855.19,50.41,1,56.22,NON_MOVER,NEEDS_IMPROVEMENT
S005,South,P0116,Furniture,137,93.44,85473.07,7037.17,49.75,1,53.66,NON_MOVER,NEEDS_IMPROVEMENT
S001,East,P0149,Furniture,137,91.61,72200.67,5969.63,48.97,1,46.95,NON_MOVER,NEEDS_IMPROVEMENT
S002,East,P0153,Furniture,136,90.94,65839.42,5486.75,48.78,1,41.74,NON_MOVER,NEEDS_IMPROVEMENT
S003,North,P0067,Furniture,152,106.88,104167.06,8530.37,48.37,1,62.76,NON_MOVER,NEEDS_IMPROVEMENT
S004,North,P0116,Furniture,137,96.06,79108.52,6467.99,48.36,1,49.74,NON_MOVER,NEEDS_IMPROVEMENT
S002,North,P0153,Furniture,131,74.00,89789.32,7461.85,48.25,2,64.14,NON_MOVER,NEEDS_IMPROVEMENT
S001,South,P0067,Furniture,147,96.78,94703.53,8294.79,47.97,2,59.02,NON_MOVER,NEEDS_IMPROVEMENT
S004,West,P0149,Furniture,136,100.19,79113.93,6573.04,47.76,1,53.25,NON_MOVER,NEEDS_IMPROVEMENT
S005,North,P0067,Furniture,156,90.95,103930.16,9041.54,47.44,2,62.90,NON_MOVER,NEEDS_IMPROVEMENT
S004,East,P0079,Furniture,160,103.11,89635.81,7755.23,46.98,2,55.22,NON_MOVER,NEEDS_IMPROVEMENT
S002,South,P0149,Furniture,150,91.00,82573.63,6844.43,46.88,2,48.03,NON_MOVER,NEEDS_IMPROVEMENT
S004,South,P0079,Furniture,128,86.35,78092.28,6688.86,46.62,1,55.36,NON_MOVER,NEEDS_IMPROVEMENT
S002,West,P0116,Furniture,128,81.56,71358.39,6210.95,46.35,2,49.96,NON_MOVER,NEEDS_IMPROVEMENT
S004,North,P0067,Furniture,132,82.56,82262.68,7474.79,45.64,2,60.30,NON_MOVER,NEEDS_IMPROVEMENT
S002,West,P0067,Furniture,140,98.50,82144.62,7630.41,45.61,1,56.94,NON_MOVER,NEEDS_IMPROVEMENT
S003,South,P0116,Furniture,152,93.00,94663.27,8432.39,44.63,2,58.56,NON_MOVER,NEEDS_IMPROVEMENT
S002,North,P0129,Furniture,140,89.12,71365.35,6414.41,43.79,2,51.30,NON_MOVER,NEEDS_IMPROVEMENT
S001,West,P0149,Furniture,151,99.94,72210.03,6653.69,43.00,2,48.98,NON_MOVER,NEEDS_IMPROVEMENT
S005,West,P0129,Furniture,141,92.88,73655.47,7071.69,42.82,2,54.73,NON_MOVER,NEEDS_IMPROVEMENT
S004,West,P0116,Furniture,142,96.47,56595.69,5629.17,41.27,1,45.19,NON_MOVER,NEEDS_IMPROVEMENT
S004,East,P0153,Furniture,148,93.81,74235.84,7559.34,41.10,2,54.91,NON_MOVER,NEEDS_IMPROVEMENT
S003,West,P0166,Groceries,132,93.68,169606.86,6577.82,106.71,1,53.36,FAST_MOVER,EXCELLENT
S005,North,P0166,Groceries,131,89.06,170614.68,6963.87,96.84,1,55.10,FAST_MOVER,EXCELLENT
S001,South,P0094,Groceries,138,93.17,132052.81,6338.14,82.22,1,49.29,FAST_MOVER,EXCELLENT
S004,North,P0166,Groceries,145,98.25,147523.61,7688.42,77.21,1,60.73,FAST_MOVER,EXCELLENT
S003,South,P0094,Groceries,139,96.38,127248.23,6861.95,73.32,1,50.37,FAST_MOVER,EXCELLENT
S004,North,P0094,Groceries,131,83.89,78832.29,4526.82,72.54,2,35.35,FAST_MOVER,EXCELLENT
S005,East,P0094,Groceries,150,101.92,117898.45,6747.21,71.87,1,48.11,FAST_MOVER,EXCELLENT
S002,West,P0094,Groceries,124,94.04,122768.25,7124.86,70.69,1,62.38,FAST_MOVER,EXCELLENT
S004,East,P0094,Groceries,123,85.75,107497.75,6235.05,67.88,1,55.71,FAST_MOVER,EXCELLENT
S005,West,P0094,Groceries,128,87.04,107707.70,6255.22,66.08,1,52.02,FAST_MOVER,EXCELLENT
S002,North,P0166,Groceries,131,88.42,113341.33,6885.59,65.78,1,56.34,MEDIUM_MOVER,GOOD
S001,West,P0094,Groceries,152,102.21,101270.78,6031.14,65.54,1,44.80,MEDIUM_MOVER,GOOD
S004,East,P0166,Groceries,150,99.33,135022.04,8437.85,64.40,2,60.06,MEDIUM_MOVER,GOOD
S002,East,P0094,Groceries,123,79.83,86895.32,5510.18,63.35,2,49.91,MEDIUM_MOVER,GOOD
S003,West,P0094,Groceries,141,90.13,117298.57,7678.91,62.14,2,59.73,MEDIUM_MOVER,GOOD
S002,South,P0094,Groceries,148,92.58,114681.01,7517.35,61.08,2,56.62,MEDIUM_MOVER,GOOD
S002,West,P0166,Groceries,155,100.70,137000.96,8995.34,60.61,2,63.48,MEDIUM_MOVER,GOOD
S001,South,P0166,Groceries,151,97.91,113424.22,7527.15,60.48,2,58.76,MEDIUM_MOVER,GOOD
S002,East,P0166,Groceries,147,98.50,126723.35,8871.81,59.91,1,64.55,MEDIUM_MOVER,GOOD
S001,North,P0166,Groceries,146,87.33,93209.18,6426.12,58.39,2,47.54,MEDIUM_MOVER,GOOD
S002,South,P0166,Groceries,139,90.50,119506.30,8149.97,58.26,2,65.59,SLOW_MOVER,AVERAGE
S001,East,P0166,Groceries,130,76.88,104964.83,7607.82,57.41,2,62.65,SLOW_MOVER,AVERAGE
S005,West,P0166,Groceries,143,86.65,95578.99,6607.26,56.64,2,51.42,SLOW_MOVER,AVERAGE
S002,North,P0094,Groceries,150,104.15,112702.61,7963.54,56.49,1,56.64,SLOW_MOVER,AVERAGE
S001,North,P0094,Groceries,155,102.14,87325.47,6126.94,56.21,2,46.22,SLOW_MOVER,AVERAGE
S003,East,P0094,Groceries,132,91.15,116211.63,8351.38,56.07,1,65.68,SLOW_MOVER,AVERAGE
S003,North,P0094,Groceries,138,90.33,91592.24,6538.83,55.85,2,50.70,SLOW_MOVER,AVERAGE
S004,West,P0094,Groceries,144,88.05,98934.78,7737.10,54.52,2,55.15,SLOW_MOVER,AVERAGE
S001,West,P0166,Groceries,147,97.65,90984.80,6857.34,53.94,2,49.97,SLOW_MOVER,AVERAGE
S004,South,P0166,Groceries,145,96.20,110357.26,8290.51,53.92,2,62.85,SLOW_MOVER,AVERAGE
S005,South,P0094,Groceries,138,86.62,103461.32,7871.12,53.35,2,60.05,NON_MOVER,NEEDS_IMPROVEMENT
S005,North,P0094,Groceries,149,97.00,92133.92,7689.97,52.73,2,53.74,NON_MOVER,NEEDS_IMPROVEMENT
S004,West,P0166,Groceries,144,94.47,99403.47,8097.12,50.63,2,61.00,NON_MOVER,NEEDS_IMPROVEMENT
S003,South,P0166,Groceries,147,96.26,96039.64,7614.90,50.62,2,56.59,NON_MOVER,NEEDS_IMPROVEMENT
S003,East,P0166,Groceries,156,96.32,97217.39,8145.56,47.48,2,55.13,NON_MOVER,NEEDS_IMPROVEMENT
S005,East,P0166,Groceries,157,105.82,116646.95,10380.37,46.61,1,67.15,NON_MOVER,NEEDS_IMPROVEMENT
S005,South,P0166,Groceries,126,90.25,71230.80,5925.58,46.50,1,50.35,NON_MOVER,NEEDS_IMPROVEMENT
S003,North,P0166,Groceries,158,101.94,87524.08,8700.37,41.96,2,58.61,NON_MOVER,NEEDS_IMPROVEMENT
S004,South,P0094,Groceries,125,74.35,75944.00,7251.20,41.13,2,63.91,NON_MOVER,NEEDS_IMPROVEMENT
S001,East,P0094,Groceries,160,96.38,81745.78,8599.92,39.15,2,61.89,NON_MOVER,NEEDS_IMPROVEMENT
S005,North,P0083,Toys,150,100.36,172695.57,7930.81,89.44,1,57.40,FAST_MOVER,EXCELLENT
S005,South,P0096,Toys,140,87.59,126906.50,6244.98,81.43,2,50.04,FAST_MOVER,EXCELLENT
S002,West,P0083,Toys,133,86.52,161236.49,8621.25,76.33,2,67.75,FAST_MOVER,EXCELLENT
S004,West,P0096,Toys,140,95.44,126142.40,6818.42,74.65,1,54.78,FAST_MOVER,EXCELLENT
S002,East,P0017,Toys,150,101.11,156393.78,8855.26,73.79,1,61.43,FAST_MOVER,EXCELLENT
S005,South,P0017,Toys,135,86.79,119327.88,6465.63,73.14,2,55.30,FAST_MOVER,EXCELLENT
S003,West,P0083,Toys,137,92.92,137443.35,7630.81,71.76,1,58.19,FAST_MOVER,EXCELLENT
S003,North,P0096,Toys,141,88.64,122952.49,6948.29,71.17,2,52.20,FAST_MOVER,EXCELLENT
S005,North,P0096,Toys,142,103.38,113308.27,6613.33,71.05,1,51.45,FAST_MOVER,EXCELLENT
S004,East,P0096,Toys,133,89.38,128186.81,7350.72,70.87,1,59.85,FAST_MOVER,EXCELLENT
S003,South,P0096,Toys,142,102.29,132922.93,7594.47,70.01,1,58.90,FAST_MOVER,EXCELLENT
S001,East,P0083,Toys,137,92.80,107282.26,6386.26,68.52,1,49.87,FAST_MOVER,EXCELLENT
S003,East,P0017,Toys,143,100.25,133650.08,7682.94,68.45,1,60.75,FAST_MOVER,EXCELLENT
S001,East,P0096,Toys,137,88.88,121763.34,7165.73,68.45,2,56.56,FAST_MOVER,EXCELLENT
S001,East,P0017,Toys,140,97.38,107333.96,6433.10,67.78,1,47.70,FAST_MOVER,EXCELLENT
S004,East,P0017,Toys,136,98.13,110455.21,6795.31,67.15,1,52.99,MEDIUM_MOVER,GOOD
S002,West,P0096,Toys,145,89.07,137514.40,8545.61,67.13,2,65.93,MEDIUM_MOVER,GOOD
S001,West,P0096,Toys,149,102.83,140022.29,8515.63,67.10,1,60.90,MEDIUM_MOVER,GOOD
S001,North,P0083,Toys,143,94.36,126352.94,7904.15,66.88,2,57.73,MEDIUM_MOVER,GOOD
S002,South,P0096,Toys,140,88.96,115700.15,7006.04,66.78,2,50.91,MEDIUM_MOVER,GOOD
S003,South,P0017,Toys,141,99.57,101423.70,6226.01,65.87,1,50.55,MEDIUM_MOVER,GOOD
S004,West,P0083,Toys,138,92.79,115270.69,7285.10,65.49,1,57.63,MEDIUM_MOVER,GOOD
S004,East,P0083,Toys,158,109.57,141057.44,8601.69,64.83,1,56.84,MEDIUM_MOVER,GOOD
S003,South,P0083,Toys,126,83.08,112018.56,7274.81,64.20,2,59.70,MEDIUM_MOVER,GOOD
S004,South,P0083,Toys,147,96.38,86030.28,5396.80,64.03,2,40.49,MEDIUM_MOVER,GOOD
S004,North,P0017,Toys,156,97.32,114698.66,7270.10,63.43,2,51.32,MEDIUM_MOVER,GOOD
S002,East,P0096,Toys,135,88.08,125562.45,8072.24,63.37,2,63.20,MEDIUM_MOVER,GOOD
S001,North,P0096,Toys,149,101.35,105251.62,6749.73,63.35,1,51.55,MEDIUM_MOVER,GOOD
S001,West,P0017,Toys,148,92.56,96954.23,6768.34,63.27,2,49.45,MEDIUM_MOVER,GOOD
S002,East,P0083,Toys,146,103.05,108083.42,6987.78,62.91,1,52.33,MEDIUM_MOVER,GOOD
S002,North,P0083,Toys,140,96.59,107461.96,7245.00,61.58,1,55.39,SLOW_MOVER,AVERAGE
S002,North,P0017,Toys,132,79.12,98191.52,6537.87,60.83,2,55.90,SLOW_MOVER,AVERAGE
S001,South,P0017,Toys,138,98.00,100060.91,6483.68,60.42,1,52.77,SLOW_MOVER,AVERAGE
S001,North,P0017,Toys,138,97.57,82651.49,5652.46,60.38,1,44.58,SLOW_MOVER,AVERAGE
S005,East,P0017,Toys,143,100.24,83465.32,5466.66,59.84,1,42.30,SLOW_MOVER,AVERAGE
S004,South,P0017,Toys,157,99.87,98349.23,6852.22,59.52,2,46.74,SLOW_MOVER,AVERAGE
S005,South,P0083,Toys,147,97.59,111592.59,7514.04,59.21,2,54.42,SLOW_MOVER,AVERAGE
S003,North,P0017,Toys,139,91.41,100124.52,7137.06,58.67,2,56.02,SLOW_MOVER,AVERAGE
S003,East,P0083,Toys,139,99.10,102961.09,7504.13,57.95,1,55.17,SLOW_MOVER,AVERAGE
S002,West,P0017,Toys,136,100.95,102666.89,7488.27,57.20,1,61.21,SLOW_MOVER,AVERAGE
S003,North,P0083,Toys,141,93.86,107503.85,7732.17,56.81,1,60.84,SLOW_MOVER,AVERAGE
S005,North,P0017,Toys,152,101.14,119948.27,8805.49,56.76,2,59.28,SLOW_MOVER,AVERAGE
S001,West,P0083,Toys,138,96.05,102971.39,7196.45,56.56,1,56.28,SLOW_MOVER,AVERAGE
S003,West,P0017,Toys,139,87.55,77997.78,5648.90,56.27,2,45.71,SLOW_MOVER,AVERAGE
S001,South,P0083,Toys,148,96.95,107680.02,7933.45,55.95,2,53.81,SLOW_MOVER,AVERAGE
S005,East,P0096,Toys,143,97.10,97495.83,7630.40,55.10,1,59.76,NON_MOVER,NEEDS_IMPROVEMENT
S004,West,P0017,Toys,130,86.40,77192.69,5800.39,53.97,2,45.13,NON_MOVER,NEEDS_IMPROVEMENT
S004,North,P0083,Toys,126,83.60,90871.31,6621.79,53.82,2,59.40,NON_MOVER,NEEDS_IMPROVEMENT
S003,West,P0096,Toys,147,96.25,94884.00,7287.10,53.27,2,54.34,NON_MOVER,NEEDS_IMPROVEMENT
S002,South,P0017,Toys,143,92.10,101026.45,7707.72,52.24,2,57.61,NON_MOVER,NEEDS_IMPROVEMENT
S004,South,P0096,Toys,137,86.75,86569.38,6732.57,51.32,2,51.47,NON_MOVER,NEEDS_IMPROVEMENT
S001,South,P0096,Toys,132,91.44,69089.28,5601.76,50.61,1,47.86,NON_MOVER,NEEDS_IMPROVEMENT
S005,West,P0017,Toys,153,90.57,110943.81,8878.31,50.49,2,61.37,NON_MOVER,NEEDS_IMPROVEMENT
S003,East,P0096,Toys,146,92.53,98955.65,8313.15,48.99,2,64.20,NON_MOVER,NEEDS_IMPROVEMENT
S004,North,P0096,Toys,135,90.06,68351.44,5511.63,48.78,1,45.73,NON_MOVER,NEEDS_IMPROVEMENT
S002,South,P0083,Toys,161,105.94,105370.12,8814.79,48.09,2,57.16,NON_MOVER,NEEDS_IMPROVEMENT
S005,West,P0083,Toys,145,86.32,98240.07,8869.15,45.77,2,64.25,NON_MOVER,NEEDS_IMPROVEMENT
S005,East,P0083,Toys,156,102.24,91111.55,8060.74,45.20,2,56.44,NON_MOVER,NEEDS_IMPROVEMENT
S002,North,P0096,Toys,153,97.71,71937.78,8271.12,36.28,2,55.75,NON_MOVER,NEEDS_IMPROVEMENT
S005,West,P0096,Toys,126,74.13,49251.56,6027.22,35.89,2,48.80,NON_MOVER,NEEDS_IMPROVEMENT
