seasonality,weather_condition,category,store_id,region,total_units_sold,total_revenue,avg_daily_sales,avg_inventory_level,days_count,category_baseline,seasonal_index,impact_classification
Autumn,Cloudy,Clothing,S001,East,5550,286976.96,95.69,141,46,104.88,91.24,NORMAL_IMPACT
Autumn,Cloudy,Clothing,S001,North,6375,321968.48,99.61,146,40,103.17,96.55,NORMAL_IMPACT
Autumn,Cloudy,Clothing,S001,South,5697,304243.23,94.95,140,43,101.50,93.55,NORMAL_IMPACT
Autumn,Cloudy,Clothing,S001,West,5832,307209.42,95.61,146,48,105.23,90.85,NORMAL_IMPACT
Autumn,Cloudy,Clothing,S002,East,6265,334708.74,96.38,142,48,103.62,93.01,NORMAL_IMPACT
Autumn,Cloudy,Clothing,S002,North,4711,239444.61,87.24,128,40,101.95,85.58,NORMAL_IMPACT
Autumn,Cloudy,Clothing,S002,South,6320,361313.26,95.76,151,47,104.91,91.27,NORMAL_IMPACT
Autumn,Cloudy,Clothing,S002,West,5215,246529.34,88.39,135,43,101.23,87.31,NORMAL_IMPACT
Autumn,Cloudy,Clothing,S003,East,3971,204036.52,92.35,133,32,104.96,87.98,NORMAL_IMPACT
Autumn,Cloudy,Clothing,S003,North,6471,317548.12,95.16,142,49,106.03,89.75,NORMAL_IMPACT
Autumn,Cloudy,Clothing,S003,South,4471,229414.33,84.36,146,40,101.72,82.93,NORMAL_IMPACT
Autumn,Cloudy,Clothing,S003,West,5669,260673.94,94.48,142,47,103.33,91.44,NORMAL_IMPACT
Autumn,Cloudy,Clothing,S004,East,4881,242032.32,93.87,139,38,103.72,90.50,NORMAL_IMPACT
Autumn,Cloudy,Clothing,S004,North,4672,250538.57,89.85,142,39,104.39,86.07,NORMAL_IMPACT
Autumn,Cloudy,Clothing,S004,South,5546,256743.38,100.84,146,43,105.08,95.96,NORMAL_IMPACT
Autumn,Cloudy,Clothing,S004,West,6675,340930.89,91.44,141,46,103.08,88.71,NORMAL_IMPACT
Autumn,Cloudy,Clothing,S005,East,7429,387437.85,96.48,143,52,104.19,92.60,NORMAL_IMPACT
Autumn,Cloudy,Clothing,S005,North,5377,293755.50,96.02,139,41,102.63,93.55,NORMAL_IMPACT
Autumn,Cloudy,Clothing,S005,South,5490,297396.61,90.00,142,46,103.10,87.30,NORMAL_IMPACT
Autumn,Cloudy,Clothing,S005,West,5200,265640.39,91.23,144,40,104.39,87.39,NORMAL_IMPACT
Autumn,Rainy,Clothing,S001,North,5738,305163.58,91.08,140,43,103.17,88.28,NORMAL_IMPACT
Autumn,Rainy,Clothing,S001,East,4136,201174.70,94.00,145,33,104.88,89.63,NORMAL_IMPACT
Autumn,Rainy,Clothing,S005,West,5386,261616.98,91.29,139,45,104.39,87.45,NORMAL_IMPACT
Autumn,Rainy,Clothing,S005,South,4941,266993.86,89.84,140,40,103.10,87.14,NORMAL_IMPACT
Autumn,Rainy,Clothing,S005,North,6540,340345.74,102.19,148,50,102.63,99.57,NORMAL_IMPACT
Autumn,Rainy,Clothing,S005,East,6339,299695.79,96.05,155,48,104.19,92.19,NORMAL_IMPACT
Autumn,Rainy,Clothing,S004,West,6008,293431.83,92.43,137,49,103.08,89.67,NORMAL_IMPACT
Autumn,Rainy,Clothing,S004,South,5306,268389.74,93.09,142,44,105.08,88.59,NORMAL_IMPACT
Autumn,Rainy,Clothing,S004,North,7190,381439.04,99.86,150,51,104.39,95.66,NORMAL_IMPACT
Autumn,Rainy,Clothing,S004,East,5694,281120.16,91.84,144,44,103.72,88.54,NORMAL_IMPACT
Autumn,Rainy,Clothing,S003,West,7192,361338.10,92.21,143,52,103.33,89.24,NORMAL_IMPACT
Autumn,Rainy,Clothing,S003,South,5928,302806.37,94.10,141,44,101.72,92.51,NORMAL_IMPACT
Autumn,Rainy,Clothing,S003,North,5359,226829.20,94.02,136,44,106.03,88.67,NORMAL_IMPACT
Autumn,Rainy,Clothing,S003,East,6274,326881.94,99.59,145,49,104.96,94.88,NORMAL_IMPACT
Autumn,Rainy,Clothing,S002,West,5761,275501.12,97.64,149,46,101.23,96.45,NORMAL_IMPACT
Autumn,Rainy,Clothing,S002,South,6590,377671.01,94.14,145,48,104.91,89.73,NORMAL_IMPACT
Autumn,Rainy,Clothing,S002,North,5048,262337.69,91.78,136,42,101.95,90.03,NORMAL_IMPACT
Autumn,Rainy,Clothing,S002,East,6474,327802.04,92.49,146,52,103.62,89.25,NORMAL_IMPACT
Autumn,Rainy,Clothing,S001,West,5815,311994.76,102.02,152,40,105.23,96.94,NORMAL_IMPACT
Autumn,Rainy,Clothing,S001,South,5489,290727.83,91.48,136,44,101.50,90.14,NORMAL_IMPACT
Autumn,Snowy,Clothing,S001,East,5969,300772.02,87.78,141,51,104.88,83.70,NORMAL_IMPACT
Autumn,Snowy,Clothing,S001,North,6375,337240.67,89.79,139,51,103.17,87.03,NORMAL_IMPACT
Autumn,Snowy,Clothing,S001,South,6233,306273.09,93.03,148,51,101.50,91.66,NORMAL_IMPACT
Autumn,Snowy,Clothing,S001,West,6549,298056.14,102.33,151,48,105.23,97.24,NORMAL_IMPACT
Autumn,Snowy,Clothing,S002,East,6703,348909.32,91.82,135,51,103.62,88.61,NORMAL_IMPACT
Autumn,Snowy,Clothing,S002,North,6787,373994.87,91.72,135,55,101.95,89.97,NORMAL_IMPACT
Autumn,Snowy,Clothing,S002,South,5435,277941.00,93.71,141,42,104.91,89.32,NORMAL_IMPACT
Autumn,Snowy,Clothing,S002,West,5364,273861.81,95.79,145,45,101.23,94.62,NORMAL_IMPACT
Autumn,Snowy,Clothing,S003,East,6843,365822.14,97.76,152,49,104.96,93.14,NORMAL_IMPACT
Autumn,Snowy,Clothing,S003,North,6424,318924.63,94.47,141,52,106.03,89.10,NORMAL_IMPACT
Autumn,Snowy,Clothing,S003,South,5807,286475.51,90.73,140,46,101.72,89.20,NORMAL_IMPACT
Autumn,Snowy,Clothing,S003,West,6221,299522.17,92.85,145,46,103.33,89.86,NORMAL_IMPACT
Autumn,Snowy,Clothing,S004,East,5692,304795.87,88.94,136,49,103.72,85.75,NORMAL_IMPACT
Autumn,Snowy,Clothing,S004,North,7132,373842.33,95.09,145,57,104.39,91.09,NORMAL_IMPACT
Autumn,Snowy,Clothing,S004,South,6926,349576.11,94.88,144,49,105.08,90.29,NORMAL_IMPACT
Autumn,Snowy,Clothing,S004,West,6718,333619.64,93.31,132,49,103.08,90.52,NORMAL_IMPACT
Autumn,Snowy,Clothing,S005,East,5091,255602.18,86.29,128,41,104.19,82.82,NORMAL_IMPACT
Autumn,Snowy,Clothing,S005,North,6420,325164.10,93.04,141,51,102.63,90.66,NORMAL_IMPACT
Autumn,Snowy,Clothing,S005,South,5634,270888.06,93.90,141,46,103.10,91.08,NORMAL_IMPACT
Autumn,Snowy,Clothing,S005,West,6111,307731.97,101.85,151,41,104.39,97.57,NORMAL_IMPACT
Autumn,Sunny,Clothing,S001,East,6464,320387.36,97.94,146,51,104.88,93.38,NORMAL_IMPACT
Autumn,Sunny,Clothing,S001,North,6898,362587.17,94.49,148,46,103.17,91.59,NORMAL_IMPACT
Autumn,Sunny,Clothing,S001,South,5569,281976.03,89.82,145,47,101.50,88.50,NORMAL_IMPACT
Autumn,Sunny,Clothing,S001,West,6686,340481.14,90.35,145,52,105.23,85.86,NORMAL_IMPACT
Autumn,Sunny,Clothing,S002,East,6011,251063.11,89.72,135,48,103.62,86.58,NORMAL_IMPACT
Autumn,Sunny,Clothing,S002,North,5816,307449.95,92.32,142,48,101.95,90.56,NORMAL_IMPACT
Autumn,Sunny,Clothing,S002,South,5632,248302.92,92.33,136,44,104.91,88.00,NORMAL_IMPACT
Autumn,Sunny,Clothing,S002,West,6061,297670.13,97.76,152,49,101.23,96.57,NORMAL_IMPACT
Autumn,Sunny,Clothing,S003,East,5656,270953.83,89.78,138,51,104.96,85.54,NORMAL_IMPACT
Autumn,Sunny,Clothing,S003,North,6824,376314.56,98.90,148,54,106.03,93.28,NORMAL_IMPACT
Autumn,Sunny,Clothing,S003,South,5441,260614.76,93.81,145,41,101.72,92.23,NORMAL_IMPACT
Autumn,Sunny,Clothing,S003,West,6336,291615.48,93.18,138,51,103.33,90.18,NORMAL_IMPACT
Autumn,Sunny,Clothing,S004,East,5438,283805.07,95.40,151,45,103.72,91.98,NORMAL_IMPACT
Autumn,Sunny,Clothing,S004,North,5124,250030.10,86.85,131,47,104.39,83.19,NORMAL_IMPACT
Autumn,Sunny,Clothing,S004,South,5241,267049.65,90.36,142,42,105.08,85.99,NORMAL_IMPACT
Autumn,Sunny,Clothing,S004,West,6352,293658.23,96.24,152,44,103.08,93.37,NORMAL_IMPACT
Autumn,Sunny,Clothing,S005,East,7015,369732.94,96.10,143,57,104.19,92.24,NORMAL_IMPACT
Autumn,Sunny,Clothing,S005,North,5776,284348.93,94.69,139,43,102.63,92.26,NORMAL_IMPACT
Autumn,Sunny,Clothing,S005,South,5145,260132.70,88.71,147,44,103.10,86.04,NORMAL_IMPACT
Autumn,Sunny,Clothing,S005,West,7181,324738.10,93.26,147,56,104.39,89.34,NORMAL_IMPACT
Spring,Cloudy,Clothing,S003,South,3147,165933.25,95.36,144,25,101.72,93.75,NORMAL_IMPACT
Spring,Cloudy,Clothing,S001,North,4223,192196.93,91.80,141,33,103.17,88.98,NORMAL_IMPACT
Spring,Cloudy,Clothing,S001,South,2607,127615.22,89.90,139,24,101.50,88.57,NORMAL_IMPACT
Spring,Cloudy,Clothing,S001,West,4212,167894.99,105.30,161,30,105.23,100.06,NORMAL_IMPACT
Spring,Cloudy,Clothing,S002,East,4359,248060.30,96.87,150,34,103.62,93.48,NORMAL_IMPACT
Spring,Cloudy,Clothing,S002,North,3070,152425.54,85.28,132,27,101.95,83.65,NORMAL_IMPACT
Spring,Cloudy,Clothing,S002,South,3670,197403.19,99.19,146,29,104.91,94.54,NORMAL_IMPACT
Spring,Cloudy,Clothing,S002,West,3487,153190.07,94.24,142,27,101.23,93.09,NORMAL_IMPACT
Spring,Cloudy,Clothing,S003,East,3501,171415.69,100.03,143,28,104.96,95.30,NORMAL_IMPACT
Spring,Cloudy,Clothing,S003,North,4127,210958.84,95.98,138,32,106.03,90.52,NORMAL_IMPACT
Spring,Cloudy,Clothing,S001,East,4442,217773.81,100.95,155,31,104.88,96.26,NORMAL_IMPACT
Spring,Cloudy,Clothing,S003,West,3765,184835.83,94.13,134,30,103.33,91.09,NORMAL_IMPACT
Spring,Cloudy,Clothing,S004,East,4761,229232.03,101.30,153,36,103.72,97.66,NORMAL_IMPACT
Spring,Cloudy,Clothing,S004,North,4493,225523.72,89.86,144,36,104.39,86.08,NORMAL_IMPACT
Spring,Cloudy,Clothing,S004,South,4446,196674.49,98.80,141,33,105.08,94.02,NORMAL_IMPACT
Spring,Cloudy,Clothing,S004,West,3887,198552.43,92.55,145,31,103.08,89.79,NORMAL_IMPACT
Spring,Cloudy,Clothing,S005,East,4499,222048.17,91.82,136,36,104.19,88.13,NORMAL_IMPACT
Spring,Cloudy,Clothing,S005,North,4407,211742.37,91.81,138,36,102.63,89.46,NORMAL_IMPACT
Spring,Cloudy,Clothing,S005,South,2758,133414.49,91.93,144,22,103.10,89.17,NORMAL_IMPACT
Spring,Cloudy,Clothing,S005,West,3818,196165.70,95.45,140,29,104.39,91.44,NORMAL_IMPACT
Spring,Rainy,Clothing,S003,North,4359,204074.11,99.07,148,29,106.03,93.44,NORMAL_IMPACT
Spring,Rainy,Clothing,S005,West,3831,200205.15,87.07,132,28,104.39,83.41,NORMAL_IMPACT
Spring,Rainy,Clothing,S001,East,3850,193079.53,89.53,145,32,104.88,85.37,NORMAL_IMPACT
Spring,Rainy,Clothing,S001,North,4074,197959.80,92.59,134,32,103.17,89.75,NORMAL_IMPACT
Spring,Rainy,Clothing,S001,South,3105,169356.94,86.25,137,28,101.50,84.98,NORMAL_IMPACT
Spring,Rainy,Clothing,S001,West,3597,193556.39,94.66,139,27,105.23,89.95,NORMAL_IMPACT
Spring,Rainy,Clothing,S002,East,2788,164629.01,84.48,132,23,103.62,81.53,NORMAL_IMPACT
Spring,Rainy,Clothing,S002,North,3548,185922.98,86.54,133,32,101.95,84.88,NORMAL_IMPACT
Spring,Rainy,Clothing,S002,South,4284,203311.70,95.20,150,36,104.91,90.74,NORMAL_IMPACT
Spring,Rainy,Clothing,S002,West,3829,204925.25,93.39,141,32,101.23,92.25,NORMAL_IMPACT
Spring,Rainy,Clothing,S003,East,4242,221861.93,98.65,155,33,104.96,93.99,NORMAL_IMPACT
Spring,Rainy,Clothing,S003,South,3803,187786.06,92.76,148,31,101.72,91.19,NORMAL_IMPACT
Spring,Rainy,Clothing,S003,West,5145,276106.34,98.94,146,38,103.33,95.76,NORMAL_IMPACT
Spring,Rainy,Clothing,S004,East,3601,204846.48,100.03,147,25,103.72,96.44,NORMAL_IMPACT
Spring,Rainy,Clothing,S004,North,4600,223473.06,97.87,150,30,104.39,93.75,NORMAL_IMPACT
Spring,Rainy,Clothing,S004,South,2868,132808.00,95.60,147,27,105.08,90.98,NORMAL_IMPACT
Spring,Rainy,Clothing,S004,West,3950,232530.78,98.75,144,32,103.08,95.80,NORMAL_IMPACT
Spring,Rainy,Clothing,S005,East,3656,196684.86,98.81,153,29,104.19,94.84,NORMAL_IMPACT
Spring,Rainy,Clothing,S005,North,3674,183058.01,94.21,139,30,102.63,91.79,NORMAL_IMPACT
Spring,Rainy,Clothing,S005,South,4241,229115.61,92.20,138,30,103.10,89.42,NORMAL_IMPACT
Spring,Snowy,Clothing,S001,North,5073,272070.88,95.72,136,35,103.17,92.78,NORMAL_IMPACT
Spring,Snowy,Clothing,S001,East,5060,238855.80,93.70,138,40,104.88,89.34,NORMAL_IMPACT
Spring,Snowy,Clothing,S005,West,5069,278838.89,103.45,154,35,104.39,99.10,NORMAL_IMPACT
Spring,Snowy,Clothing,S005,South,3918,218002.84,91.12,141,32,103.10,88.38,NORMAL_IMPACT
Spring,Snowy,Clothing,S005,North,4669,264243.67,93.38,134,31,102.63,90.98,NORMAL_IMPACT
Spring,Snowy,Clothing,S005,East,4300,198019.06,104.88,145,32,104.19,100.66,NORMAL_IMPACT
Spring,Snowy,Clothing,S004,West,3651,206985.73,93.62,146,29,103.08,90.82,NORMAL_IMPACT
Spring,Snowy,Clothing,S004,South,4472,254997.68,89.44,138,36,105.08,85.12,NORMAL_IMPACT
Spring,Snowy,Clothing,S004,North,4557,247405.05,96.96,150,36,104.39,92.88,NORMAL_IMPACT
Spring,Snowy,Clothing,S004,East,4558,233891.86,96.98,137,36,103.72,93.50,NORMAL_IMPACT
Spring,Snowy,Clothing,S003,West,3020,172922.83,91.52,141,24,103.33,88.57,NORMAL_IMPACT
Spring,Snowy,Clothing,S003,South,5042,232587.06,93.37,141,34,101.72,91.79,NORMAL_IMPACT
Spring,Snowy,Clothing,S003,North,4017,221384.33,105.71,151,30,106.03,99.70,NORMAL_IMPACT
Spring,Snowy,Clothing,S003,East,4685,239213.71,99.68,151,32,104.96,94.97,NORMAL_IMPACT
Spring,Snowy,Clothing,S002,West,4678,230787.97,88.26,137,36,101.23,87.19,NORMAL_IMPACT
Spring,Snowy,Clothing,S002,South,3798,225607.23,108.51,155,30,104.91,103.43,NORMAL_IMPACT
Spring,Snowy,Clothing,S002,North,4670,250956.88,101.52,153,37,101.95,99.58,NORMAL_IMPACT
Spring,Snowy,Clothing,S002,East,4082,204935.89,97.19,148,31,103.62,93.79,NORMAL_IMPACT
Spring,Snowy,Clothing,S001,West,2869,148860.08,92.55,139,24,105.23,87.95,NORMAL_IMPACT
Spring,Snowy,Clothing,S001,South,3848,178939.67,89.49,142,32,101.50,88.17,NORMAL_IMPACT
Spring,Sunny,Clothing,S001,South,2783,123163.15,86.97,129,25,101.50,85.69,NORMAL_IMPACT
Spring,Sunny,Clothing,S001,West,4960,223397.10,97.25,147,40,105.23,92.42,NORMAL_IMPACT
Spring,Sunny,Clothing,S002,East,4785,255804.24,90.28,146,38,103.62,87.13,NORMAL_IMPACT
Spring,Sunny,Clothing,S002,North,5137,240824.34,102.74,152,34,101.95,100.78,NORMAL_IMPACT
Spring,Sunny,Clothing,S002,South,3691,192878.12,94.64,132,30,104.91,90.21,NORMAL_IMPACT
Spring,Sunny,Clothing,S002,West,3449,171480.23,90.76,144,28,101.23,89.66,NORMAL_IMPACT
Spring,Sunny,Clothing,S003,East,3450,160322.88,88.46,134,31,104.96,84.28,NORMAL_IMPACT
Spring,Sunny,Clothing,S003,North,3038,144067.44,89.35,138,27,106.03,84.27,NORMAL_IMPACT
Spring,Sunny,Clothing,S003,South,4185,222516.65,97.33,149,33,101.72,95.68,NORMAL_IMPACT
Spring,Sunny,Clothing,S001,East,4678,235660.68,97.46,153,29,104.88,92.92,NORMAL_IMPACT
Spring,Sunny,Clothing,S003,West,4566,216201.07,87.81,137,39,103.33,84.98,NORMAL_IMPACT
Spring,Sunny,Clothing,S004,East,3139,146381.83,95.12,137,25,103.72,91.71,NORMAL_IMPACT
Spring,Sunny,Clothing,S004,North,3935,189352.03,89.43,145,33,104.39,85.67,NORMAL_IMPACT
Spring,Sunny,Clothing,S004,South,3745,186656.00,101.22,151,28,105.08,96.32,NORMAL_IMPACT
Spring,Sunny,Clothing,S004,West,3594,220964.05,97.14,154,25,103.08,94.24,NORMAL_IMPACT
Spring,Sunny,Clothing,S005,East,3680,165863.34,96.84,141,25,104.19,92.95,NORMAL_IMPACT
Spring,Sunny,Clothing,S005,North,3902,215971.69,86.71,134,32,102.63,84.49,NORMAL_IMPACT
Spring,Sunny,Clothing,S005,South,3574,199658.33,94.05,147,28,103.10,91.23,NORMAL_IMPACT
Spring,Sunny,Clothing,S001,North,3507,156452.45,89.92,145,29,103.17,87.16,NORMAL_IMPACT
Spring,Sunny,Clothing,S005,West,3413,130530.79,100.38,151,27,104.39,96.16,NORMAL_IMPACT
Summer,Cloudy,Clothing,S001,East,7450,372548.67,96.75,146,53,104.88,92.25,NORMAL_IMPACT
Summer,Cloudy,Clothing,S001,North,5208,294617.64,102.12,153,41,103.17,98.98,NORMAL_IMPACT
Summer,Cloudy,Clothing,S001,South,5606,264437.37,86.25,139,47,101.50,84.98,NORMAL_IMPACT
Summer,Cloudy,Clothing,S001,West,6155,273920.51,97.70,148,47,105.23,92.84,NORMAL_IMPACT
Summer,Cloudy,Clothing,S002,East,6021,312162.39,94.08,141,45,103.62,90.79,NORMAL_IMPACT
Summer,Cloudy,Clothing,S002,North,6029,331782.91,91.35,141,43,101.95,89.60,NORMAL_IMPACT
Summer,Cloudy,Clothing,S002,South,5947,299559.87,87.46,141,46,104.91,83.36,NORMAL_IMPACT
Summer,Cloudy,Clothing,S002,West,4936,258669.88,82.27,129,49,101.23,81.26,NORMAL_IMPACT
Summer,Cloudy,Clothing,S003,East,6303,307481.29,90.04,145,47,104.96,85.79,NORMAL_IMPACT
Summer,Cloudy,Clothing,S003,North,5017,250975.67,94.66,145,41,106.03,89.28,NORMAL_IMPACT
Summer,Cloudy,Clothing,S003,South,4648,239188.91,87.70,127,41,101.72,86.22,NORMAL_IMPACT
Summer,Cloudy,Clothing,S003,West,5917,303728.28,91.03,142,47,103.33,88.10,NORMAL_IMPACT
Summer,Cloudy,Clothing,S004,East,6128,282423.62,87.54,137,56,103.72,84.40,NORMAL_IMPACT
Summer,Cloudy,Clothing,S004,North,5528,285507.05,95.31,145,46,104.39,91.30,NORMAL_IMPACT
Summer,Cloudy,Clothing,S004,South,5872,304368.53,99.53,153,44,105.08,94.71,NORMAL_IMPACT
Summer,Cloudy,Clothing,S004,West,5168,278019.14,90.67,142,40,103.08,87.96,NORMAL_IMPACT
Summer,Cloudy,Clothing,S005,East,6354,313477.61,88.25,131,49,104.19,84.70,NORMAL_IMPACT
Summer,Cloudy,Clothing,S005,North,5539,264767.70,90.80,141,41,102.63,88.47,NORMAL_IMPACT
Summer,Cloudy,Clothing,S005,South,5333,300695.22,98.76,142,41,103.10,95.79,NORMAL_IMPACT
Summer,Cloudy,Clothing,S005,West,4958,247876.25,99.16,150,40,104.39,94.99,NORMAL_IMPACT
Summer,Rainy,Clothing,S003,East,6940,340333.63,95.07,147,55,104.96,90.58,NORMAL_IMPACT
Summer,Rainy,Clothing,S003,West,7178,361828.22,101.10,150,56,103.33,97.84,NORMAL_IMPACT
Summer,Rainy,Clothing,S003,South,6468,314318.39,93.74,138,51,101.72,92.16,NORMAL_IMPACT
Summer,Rainy,Clothing,S001,East,6221,357861.48,95.71,145,46,104.88,91.26,NORMAL_IMPACT
Summer,Rainy,Clothing,S001,North,5919,298716.39,98.65,149,43,103.17,95.62,NORMAL_IMPACT
Summer,Rainy,Clothing,S001,South,6182,288250.70,89.59,135,49,101.50,88.27,NORMAL_IMPACT
Summer,Rainy,Clothing,S001,West,5522,294216.98,90.52,138,39,105.23,86.02,NORMAL_IMPACT
Summer,Rainy,Clothing,S002,East,5778,308213.71,93.19,144,50,103.62,89.94,NORMAL_IMPACT
Summer,Rainy,Clothing,S002,North,5926,322302.48,94.06,144,45,101.95,92.27,NORMAL_IMPACT
Summer,Rainy,Clothing,S002,South,5625,290313.65,96.98,146,48,104.91,92.44,NORMAL_IMPACT
Summer,Rainy,Clothing,S002,West,6098,260445.08,95.28,148,47,101.23,94.12,NORMAL_IMPACT
Summer,Rainy,Clothing,S003,North,6361,283591.36,94.94,152,47,106.03,89.54,NORMAL_IMPACT
Summer,Rainy,Clothing,S005,West,5945,300035.27,91.46,142,46,104.39,87.62,NORMAL_IMPACT
Summer,Rainy,Clothing,S005,South,6158,265248.84,100.95,146,44,103.10,97.92,NORMAL_IMPACT
Summer,Rainy,Clothing,S005,North,6275,311677.12,93.66,142,51,102.63,91.25,NORMAL_IMPACT
Summer,Rainy,Clothing,S005,East,5310,292486.90,93.16,134,45,104.19,89.42,NORMAL_IMPACT
Summer,Rainy,Clothing,S004,West,5925,303263.96,97.13,151,43,103.08,94.23,NORMAL_IMPACT
Summer,Rainy,Clothing,S004,South,6675,339792.24,99.63,142,49,105.08,94.81,NORMAL_IMPACT
Summer,Rainy,Clothing,S004,North,6534,367205.47,100.52,151,48,104.39,96.29,NORMAL_IMPACT
Summer,Rainy,Clothing,S004,East,5797,284918.15,92.02,147,51,103.72,88.71,NORMAL_IMPACT
Summer,Snowy,Clothing,S001,West,6623,337348.22,95.99,146,51,105.23,91.21,NORMAL_IMPACT
Summer,Snowy,Clothing,S004,East,5525,248324.41,96.93,144,42,103.72,93.45,NORMAL_IMPACT
Summer,Snowy,Clothing,S003,West,7459,387466.02,103.60,152,49,103.33,100.26,NORMAL_IMPACT
Summer,Snowy,Clothing,S003,South,5294,268142.72,98.04,151,40,101.72,96.38,NORMAL_IMPACT
Summer,Snowy,Clothing,S003,East,6061,302959.88,86.59,131,49,104.96,82.49,NORMAL_IMPACT
Summer,Snowy,Clothing,S003,North,5481,297394.34,92.90,143,44,106.03,87.62,NORMAL_IMPACT
Summer,Snowy,Clothing,S002,West,5184,246027.37,84.98,137,42,101.23,83.95,NORMAL_IMPACT
Summer,Snowy,Clothing,S002,South,5275,256191.57,90.95,138,39,104.91,86.69,NORMAL_IMPACT
Summer,Snowy,Clothing,S002,North,6294,313263.67,92.56,146,49,101.95,90.79,NORMAL_IMPACT
Summer,Snowy,Clothing,S001,North,5983,322453.08,94.97,148,50,103.17,92.05,NORMAL_IMPACT
Summer,Snowy,Clothing,S002,East,6376,320776.80,106.27,161,44,103.62,102.55,NORMAL_IMPACT
Summer,Snowy,Clothing,S001,East,5752,265351.77,92.77,141,43,104.88,88.46,NORMAL_IMPACT
Summer,Snowy,Clothing,S001,South,6078,339046.52,92.09,144,48,101.50,90.73,NORMAL_IMPACT
Summer,Snowy,Clothing,S004,South,6446,352267.51,102.32,158,43,105.08,97.37,NORMAL_IMPACT
Summer,Snowy,Clothing,S004,West,6352,328592.36,93.41,144,52,103.08,90.62,NORMAL_IMPACT
Summer,Snowy,Clothing,S005,East,6122,296661.16,100.36,146,42,104.19,96.33,NORMAL_IMPACT
Summer,Snowy,Clothing,S005,North,5933,315752.19,94.17,140,43,102.63,91.76,NORMAL_IMPACT
Summer,Snowy,Clothing,S005,South,6196,319889.19,99.94,143,46,103.10,96.93,NORMAL_IMPACT
Summer,Snowy,Clothing,S005,West,6423,324546.19,91.76,143,50,104.39,87.90,NORMAL_IMPACT
Summer,Snowy,Clothing,S004,North,6894,351372.04,97.10,138,47,104.39,93.01,NORMAL_IMPACT
Summer,Sunny,Clothing,S003,South,5556,297417.27,89.61,139,49,101.72,88.10,NORMAL_IMPACT
Summer,Sunny,Clothing,S005,West,7622,364153.74,97.72,149,53,104.39,93.61,NORMAL_IMPACT
Summer,Sunny,Clothing,S005,South,5860,318557.87,91.56,134,49,103.10,88.81,NORMAL_IMPACT
Summer,Sunny,Clothing,S005,North,6307,314085.06,87.60,138,53,102.63,85.35,NORMAL_IMPACT
Summer,Sunny,Clothing,S005,East,5150,264117.33,93.64,145,42,104.19,89.87,NORMAL_IMPACT
Summer,Sunny,Clothing,S004,West,5110,259493.94,98.27,144,37,103.08,95.34,NORMAL_IMPACT
Summer,Sunny,Clothing,S004,South,7038,358910.48,93.84,142,52,105.08,89.30,NORMAL_IMPACT
Summer,Sunny,Clothing,S004,North,6751,336744.10,97.84,147,51,104.39,93.72,NORMAL_IMPACT
Summer,Sunny,Clothing,S004,East,5414,256780.74,94.98,138,44,103.72,91.57,NORMAL_IMPACT
Summer,Sunny,Clothing,S003,North,5261,266163.18,99.26,157,43,106.03,93.62,NORMAL_IMPACT
Summer,Sunny,Clothing,S003,East,6265,340166.36,96.38,148,51,104.96,91.83,NORMAL_IMPACT
Summer,Sunny,Clothing,S002,West,6175,325143.90,89.49,143,48,101.23,88.40,NORMAL_IMPACT
Summer,Sunny,Clothing,S002,South,4348,222518.65,92.51,146,37,104.91,88.18,NORMAL_IMPACT
Summer,Sunny,Clothing,S002,North,6166,323726.64,94.86,141,50,101.95,93.05,NORMAL_IMPACT
Summer,Sunny,Clothing,S001,West,6462,362844.28,95.03,147,49,105.23,90.30,NORMAL_IMPACT
Summer,Sunny,Clothing,S002,East,7671,376123.56,97.10,158,50,103.62,93.71,NORMAL_IMPACT
Summer,Sunny,Clothing,S001,South,6666,354465.11,96.61,145,51,101.50,95.18,NORMAL_IMPACT
Summer,Sunny,Clothing,S001,East,4701,269591.68,97.94,139,40,104.88,93.38,NORMAL_IMPACT
Summer,Sunny,Clothing,S003,West,5236,268938.81,93.50,137,46,103.33,90.49,NORMAL_IMPACT
Summer,Sunny,Clothing,S001,North,5339,294298.79,95.34,142,39,103.17,92.41,NORMAL_IMPACT
Winter,Cloudy,Clothing,S003,West,9001,412085.11,128.59,172,53,103.33,124.44,HIGH_IMPACT
Winter,Cloudy,Clothing,S001,East,10922,588818.28,140.03,191,61,104.88,133.51,HIGH_IMPACT
Winter,Cloudy,Clothing,S005,West,10555,564113.31,137.08,182,61,104.39,131.32,HIGH_IMPACT
Winter,Cloudy,Clothing,S005,South,10135,525547.01,136.96,185,56,103.10,132.84,HIGH_IMPACT
Winter,Cloudy,Clothing,S003,North,11270,520072.87,135.78,186,63,106.03,128.06,HIGH_IMPACT
Winter,Cloudy,Clothing,S001,North,10517,518089.27,128.26,174,61,103.17,124.32,HIGH_IMPACT
Winter,Cloudy,Clothing,S005,East,9204,492630.87,122.72,174,57,104.19,117.79,NORMAL_IMPACT
Winter,Cloudy,Clothing,S004,West,10083,464370.14,130.95,174,56,103.08,127.04,HIGH_IMPACT
Winter,Cloudy,Clothing,S004,South,10441,515293.20,128.90,177,61,105.08,122.67,HIGH_IMPACT
Winter,Cloudy,Clothing,S005,North,10464,594686.70,132.46,184,61,102.63,129.06,HIGH_IMPACT
Winter,Cloudy,Clothing,S004,North,12832,694960.31,144.18,194,61,104.39,138.11,HIGH_IMPACT
Winter,Cloudy,Clothing,S001,South,10277,572240.32,133.47,186,57,101.50,131.50,HIGH_IMPACT
Winter,Cloudy,Clothing,S004,East,9653,500213.81,122.19,161,60,103.72,117.81,NORMAL_IMPACT
Winter,Cloudy,Clothing,S001,West,10084,533899.80,134.45,189,55,105.23,127.77,HIGH_IMPACT
Winter,Cloudy,Clothing,S002,East,12114,702083.62,133.12,183,69,103.62,128.47,HIGH_IMPACT
Winter,Cloudy,Clothing,S002,North,12264,590990.09,136.27,179,67,101.95,133.67,HIGH_IMPACT
Winter,Cloudy,Clothing,S002,South,10460,504788.47,129.14,181,55,104.91,123.09,HIGH_IMPACT
Winter,Cloudy,Clothing,S002,West,10252,528549.84,128.15,180,60,101.23,126.59,HIGH_IMPACT
Winter,Cloudy,Clothing,S003,East,10481,498775.85,134.37,181,61,104.96,128.02,HIGH_IMPACT
Winter,Cloudy,Clothing,S003,South,13438,667460.04,131.75,180,75,101.72,129.52,HIGH_IMPACT
Winter,Rainy,Clothing,S003,South,11775,543591.18,135.34,184,67,101.72,133.06,HIGH_IMPACT
Winter,Rainy,Clothing,S003,North,11314,585055.76,130.05,178,68,106.03,122.65,HIGH_IMPACT
Winter,Rainy,Clothing,S001,East,13251,688315.20,136.61,189,69,104.88,130.25,HIGH_IMPACT
Winter,Rainy,Clothing,S001,North,10389,525463.84,126.70,179,60,103.17,122.80,HIGH_IMPACT
Winter,Rainy,Clothing,S001,South,9889,489204.91,131.85,177,59,101.50,129.91,HIGH_IMPACT
Winter,Rainy,Clothing,S001,West,11916,627413.31,128.13,176,65,105.23,121.76,HIGH_IMPACT
Winter,Rainy,Clothing,S002,East,8938,426918.96,135.42,188,53,103.62,130.69,HIGH_IMPACT
Winter,Rainy,Clothing,S002,North,8437,438466.63,120.53,171,58,101.95,118.23,NORMAL_IMPACT
Winter,Rainy,Clothing,S002,South,11772,594878.78,135.31,181,62,104.91,128.97,HIGH_IMPACT
Winter,Rainy,Clothing,S002,West,11869,629008.54,130.43,177,66,101.23,128.84,HIGH_IMPACT
Winter,Rainy,Clothing,S003,East,11050,588166.11,141.67,192,59,104.96,134.97,HIGH_IMPACT
Winter,Rainy,Clothing,S005,West,10571,529241.63,128.91,179,56,104.39,123.50,HIGH_IMPACT
Winter,Rainy,Clothing,S005,South,11298,623874.32,129.86,182,64,103.10,125.96,HIGH_IMPACT
Winter,Rainy,Clothing,S005,North,10348,539554.45,127.75,173,61,102.63,124.48,HIGH_IMPACT
Winter,Rainy,Clothing,S005,East,13855,722093.18,139.95,191,66,104.19,134.33,HIGH_IMPACT
Winter,Rainy,Clothing,S004,West,11834,592539.06,125.89,177,64,103.08,122.14,HIGH_IMPACT
Winter,Rainy,Clothing,S004,South,11776,612232.19,130.84,181,64,105.08,124.52,HIGH_IMPACT
Winter,Rainy,Clothing,S004,North,9257,471485.34,132.24,185,53,104.39,126.68,HIGH_IMPACT
Winter,Rainy,Clothing,S004,East,10263,517321.96,135.04,186,62,103.72,130.19,HIGH_IMPACT
Winter,Rainy,Clothing,S003,West,10390,544977.90,123.69,166,68,103.33,119.71,NORMAL_IMPACT
Winter,Snowy,Clothing,S001,East,10346,576956.93,137.95,188,58,104.88,131.53,HIGH_IMPACT
Winter,Snowy,Clothing,S005,South,10478,561191.03,132.63,181,57,103.10,128.65,HIGH_IMPACT
Winter,Snowy,Clothing,S005,North,10431,552932.52,130.39,181,60,102.63,127.04,HIGH_IMPACT
Winter,Snowy,Clothing,S005,West,9299,498120.65,132.84,177,56,104.39,127.26,HIGH_IMPACT
Winter,Snowy,Clothing,S003,South,10282,513472.27,130.15,179,59,101.72,127.95,HIGH_IMPACT
Winter,Snowy,Clothing,S003,West,11078,571268.08,130.33,180,69,103.33,126.13,HIGH_IMPACT
Winter,Snowy,Clothing,S004,East,11112,562775.16,135.51,180,58,103.72,130.65,HIGH_IMPACT
Winter,Snowy,Clothing,S004,North,10028,507442.64,130.23,180,60,104.39,124.75,HIGH_IMPACT
Winter,Snowy,Clothing,S004,South,13933,694199.98,133.97,182,73,105.08,127.49,HIGH_IMPACT
Winter,Snowy,Clothing,S004,West,12562,677609.64,133.64,185,77,103.08,129.65,HIGH_IMPACT
Winter,Snowy,Clothing,S001,South,12768,624923.33,140.31,191,65,101.50,138.24,HIGH_IMPACT
Winter,Snowy,Clothing,S005,East,10435,550461.18,130.44,181,60,104.19,125.20,HIGH_IMPACT
Winter,Snowy,Clothing,S003,North,12165,617927.61,138.24,187,65,106.03,130.38,HIGH_IMPACT
Winter,Snowy,Clothing,S002,East,10973,584574.77,129.09,175,64,103.62,124.58,HIGH_IMPACT
Winter,Snowy,Clothing,S003,East,11217,593674.38,140.21,191,63,104.96,133.59,HIGH_IMPACT
Winter,Snowy,Clothing,S002,West,11902,594268.54,136.80,192,68,101.23,135.14,HIGH_IMPACT
Winter,Snowy,Clothing,S002,South,14222,769715.06,138.08,182,71,104.91,131.61,HIGH_IMPACT
Winter,Snowy,Clothing,S002,North,9912,514304.89,130.42,178,54,101.95,127.93,HIGH_IMPACT
Winter,Snowy,Clothing,S001,West,10817,542851.31,130.33,180,56,105.23,123.84,HIGH_IMPACT
Winter,Snowy,Clothing,S001,North,11578,610038.71,130.09,185,67,103.17,126.09,HIGH_IMPACT
Winter,Sunny,Clothing,S003,North,11452,586266.98,137.98,189,63,106.03,130.13,HIGH_IMPACT
Winter,Sunny,Clothing,S003,East,11200,559738.74,128.74,175,63,104.96,122.65,HIGH_IMPACT
Winter,Sunny,Clothing,S002,West,9710,480223.76,126.10,180,53,101.23,124.57,HIGH_IMPACT
Winter,Sunny,Clothing,S002,South,11318,564222.70,134.74,183,61,104.91,128.43,HIGH_IMPACT
Winter,Sunny,Clothing,S002,North,12272,594696.51,131.96,176,66,101.95,129.44,HIGH_IMPACT
Winter,Sunny,Clothing,S002,East,9132,474866.69,130.46,168,56,103.62,125.90,HIGH_IMPACT
Winter,Sunny,Clothing,S001,West,10917,562216.31,131.53,181,61,105.23,124.99,HIGH_IMPACT
Winter,Sunny,Clothing,S001,South,10550,474663.82,131.88,177,61,101.50,129.93,HIGH_IMPACT
Winter,Sunny,Clothing,S001,North,11792,583122.36,129.58,188,62,103.17,125.60,HIGH_IMPACT
Winter,Sunny,Clothing,S001,East,9860,507427.84,123.25,168,60,104.88,117.52,NORMAL_IMPACT
Winter,Sunny,Clothing,S005,South,13226,664052.28,127.17,179,71,103.10,123.35,HIGH_IMPACT
Winter,Sunny,Clothing,S005,West,11327,561011.42,127.27,175,69,104.39,121.92,HIGH_IMPACT
Winter,Sunny,Clothing,S005,East,11021,599990.37,131.20,184,58,104.19,125.93,HIGH_IMPACT
Winter,Sunny,Clothing,S004,West,8912,414385.17,123.78,176,57,103.08,120.09,HIGH_IMPACT
Winter,Sunny,Clothing,S004,South,9859,535240.55,128.04,182,56,105.08,121.85,HIGH_IMPACT
Winter,Sunny,Clothing,S004,North,11056,587881.35,127.08,175,69,104.39,121.73,HIGH_IMPACT
Winter,Sunny,Clothing,S004,East,10813,556770.28,131.87,184,62,103.72,127.13,HIGH_IMPACT
Winter,Sunny,Clothing,S003,West,10768,547403.18,136.30,188,63,103.33,131.91,HIGH_IMPACT
Winter,Sunny,Clothing,S005,North,12126,582457.69,133.25,187,61,102.63,129.83,HIGH_IMPACT
Winter,Sunny,Clothing,S003,South,9668,472409.78,119.36,169,60,101.72,117.34,NORMAL_IMPACT
Autumn,Cloudy,Electronics,S001,North,4458,243715.24,90.98,138,40,88.50,102.81,NORMAL_IMPACT
Autumn,Cloudy,Electronics,S001,South,3628,178948.41,95.47,145,34,87.47,109.15,NORMAL_IMPACT
Autumn,Cloudy,Electronics,S001,West,5783,287122.61,93.27,149,50,89.22,104.54,NORMAL_IMPACT
Autumn,Cloudy,Electronics,S002,East,4487,201389.98,83.09,136,44,90.54,91.78,NORMAL_IMPACT
Autumn,Cloudy,Electronics,S001,East,5008,264836.69,87.86,141,44,90.18,97.42,NORMAL_IMPACT
Autumn,Cloudy,Electronics,S002,North,4798,236107.38,94.08,144,41,89.18,105.49,NORMAL_IMPACT
Autumn,Cloudy,Electronics,S002,South,3668,190153.77,99.14,155,29,90.31,109.77,NORMAL_IMPACT
Autumn,Cloudy,Electronics,S002,West,4574,240984.57,87.96,140,43,89.34,98.46,NORMAL_IMPACT
Autumn,Cloudy,Electronics,S003,East,4794,260437.66,95.88,145,42,89.25,107.42,NORMAL_IMPACT
Autumn,Cloudy,Electronics,S003,North,3964,207492.66,94.38,132,35,89.40,105.58,NORMAL_IMPACT
Autumn,Cloudy,Electronics,S003,South,4207,215035.79,97.84,148,40,89.54,109.27,NORMAL_IMPACT
Autumn,Cloudy,Electronics,S003,West,4570,211501.08,91.40,143,36,91.08,100.35,NORMAL_IMPACT
Autumn,Cloudy,Electronics,S005,West,4583,224556.46,95.48,137,37,90.99,104.94,NORMAL_IMPACT
Autumn,Cloudy,Electronics,S005,South,3404,177257.50,83.02,126,33,91.09,91.14,NORMAL_IMPACT
Autumn,Cloudy,Electronics,S005,North,5369,270489.70,95.88,143,42,88.04,108.90,NORMAL_IMPACT
Autumn,Cloudy,Electronics,S005,East,3309,173828.73,84.85,126,31,88.71,95.65,NORMAL_IMPACT
Autumn,Cloudy,Electronics,S004,West,4491,241446.83,91.65,139,39,87.39,104.88,NORMAL_IMPACT
Autumn,Cloudy,Electronics,S004,South,4176,198673.19,107.08,161,30,90.55,118.25,NORMAL_IMPACT
Autumn,Cloudy,Electronics,S004,North,4999,244342.16,87.70,143,40,90.81,96.58,NORMAL_IMPACT
Autumn,Cloudy,Electronics,S004,East,4409,234660.46,100.20,148,34,88.87,112.75,NORMAL_IMPACT
Autumn,Rainy,Electronics,S001,East,3795,197966.83,75.90,128,38,90.18,84.16,NORMAL_IMPACT
Autumn,Rainy,Electronics,S001,South,2889,158794.97,70.46,117,35,87.47,80.56,NORMAL_IMPACT
Autumn,Rainy,Electronics,S002,East,3699,183394.81,75.49,117,37,90.54,83.38,NORMAL_IMPACT
Autumn,Rainy,Electronics,S001,West,3857,160076.84,77.14,117,44,89.22,86.46,NORMAL_IMPACT
Autumn,Rainy,Electronics,S002,North,4580,194227.22,80.35,137,43,89.18,90.10,NORMAL_IMPACT
Autumn,Rainy,Electronics,S002,South,3618,187662.64,84.14,128,34,90.31,93.17,NORMAL_IMPACT
Autumn,Rainy,Electronics,S002,West,2793,127012.81,73.50,119,36,89.34,82.27,NORMAL_IMPACT
Autumn,Rainy,Electronics,S003,East,3406,173556.10,69.51,120,41,89.25,77.88,LOW_IMPACT
Autumn,Rainy,Electronics,S003,North,3315,182357.69,70.53,122,37,89.40,78.90,LOW_IMPACT
Autumn,Rainy,Electronics,S003,West,3658,175827.18,73.16,117,37,91.08,80.33,NORMAL_IMPACT
Autumn,Rainy,Electronics,S001,North,3184,164558.15,83.79,137,33,88.50,94.68,NORMAL_IMPACT
Autumn,Rainy,Electronics,S003,South,3531,173163.83,78.47,126,34,89.54,87.63,NORMAL_IMPACT
Autumn,Rainy,Electronics,S004,East,2846,129085.94,67.76,120,34,88.87,76.25,LOW_IMPACT
Autumn,Rainy,Electronics,S004,North,2936,139253.32,79.35,134,31,90.81,87.38,NORMAL_IMPACT
Autumn,Rainy,Electronics,S004,South,3522,197772.52,73.38,126,41,90.55,81.03,NORMAL_IMPACT
Autumn,Rainy,Electronics,S004,West,3841,224596.40,75.31,129,43,87.39,86.18,NORMAL_IMPACT
Autumn,Rainy,Electronics,S005,East,3319,166586.49,77.19,125,38,88.71,87.01,NORMAL_IMPACT
Autumn,Rainy,Electronics,S005,North,3968,239925.67,70.86,117,46,88.04,80.48,NORMAL_IMPACT
Autumn,Rainy,Electronics,S005,South,3761,183534.03,78.35,118,40,91.09,86.02,NORMAL_IMPACT
Autumn,Rainy,Electronics,S005,West,3795,203464.16,80.74,125,38,90.99,88.74,NORMAL_IMPACT
Autumn,Snowy,Electronics,S001,North,3739,197437.27,98.39,156,33,88.50,111.19,NORMAL_IMPACT
Autumn,Snowy,Electronics,S001,South,3979,215253.41,90.43,133,37,87.47,103.39,NORMAL_IMPACT
Autumn,Snowy,Electronics,S001,West,4188,211271.37,99.71,165,35,89.22,111.76,NORMAL_IMPACT
Autumn,Snowy,Electronics,S002,East,4950,225518.28,93.40,146,40,90.54,103.16,NORMAL_IMPACT
Autumn,Snowy,Electronics,S002,South,3983,194865.04,97.15,144,32,90.31,107.57,NORMAL_IMPACT
Autumn,Snowy,Electronics,S002,West,3967,206572.83,101.72,146,32,89.34,113.86,NORMAL_IMPACT
Autumn,Snowy,Electronics,S003,East,4857,247047.59,93.40,146,41,89.25,104.65,NORMAL_IMPACT
Autumn,Snowy,Electronics,S002,North,4622,229906.49,100.48,149,35,89.18,112.67,NORMAL_IMPACT
Autumn,Snowy,Electronics,S003,North,5101,231666.52,98.10,152,39,89.40,109.73,NORMAL_IMPACT
Autumn,Snowy,Electronics,S003,South,4477,217373.47,95.26,140,39,89.54,106.38,NORMAL_IMPACT
Autumn,Snowy,Electronics,S003,West,3922,185762.79,95.66,149,35,91.08,105.03,NORMAL_IMPACT
Autumn,Snowy,Electronics,S004,East,4811,228554.50,92.52,151,37,88.87,104.10,NORMAL_IMPACT
Autumn,Snowy,Electronics,S004,North,3993,190958.71,97.39,144,34,90.81,107.25,NORMAL_IMPACT
Autumn,Snowy,Electronics,S004,South,4177,222350.33,97.14,149,37,90.55,107.28,NORMAL_IMPACT
Autumn,Snowy,Electronics,S004,West,4047,200086.83,91.98,137,35,87.39,105.25,NORMAL_IMPACT
Autumn,Snowy,Electronics,S005,East,3855,191759.18,94.02,152,33,88.71,105.99,NORMAL_IMPACT
Autumn,Snowy,Electronics,S005,North,3742,183074.36,91.27,138,35,88.04,103.67,NORMAL_IMPACT
Autumn,Snowy,Electronics,S005,South,3464,168887.51,96.22,148,32,91.09,105.63,NORMAL_IMPACT
Autumn,Snowy,Electronics,S005,West,4320,227051.11,98.18,141,37,90.99,107.91,NORMAL_IMPACT
Autumn,Snowy,Electronics,S001,East,4296,183386.39,102.29,152,37,90.18,113.42,NORMAL_IMPACT
Autumn,Sunny,Electronics,S005,North,5265,292785.54,92.37,142,44,88.04,104.92,NORMAL_IMPACT
Autumn,Sunny,Electronics,S005,East,3454,182215.89,95.94,145,30,88.71,108.16,NORMAL_IMPACT
Autumn,Sunny,Electronics,S004,West,4011,179612.40,97.83,145,35,87.39,111.94,NORMAL_IMPACT
Autumn,Sunny,Electronics,S004,South,4866,279111.17,97.32,140,41,90.55,107.48,NORMAL_IMPACT
Autumn,Sunny,Electronics,S004,North,5128,278538.24,100.55,152,43,90.81,110.73,NORMAL_IMPACT
Autumn,Sunny,Electronics,S004,East,4657,221484.89,99.09,146,37,88.87,111.49,NORMAL_IMPACT
Autumn,Sunny,Electronics,S005,West,4398,210195.92,95.61,140,37,90.99,105.08,NORMAL_IMPACT
Autumn,Sunny,Electronics,S003,South,4007,204069.24,102.74,144,31,89.54,114.75,NORMAL_IMPACT
Autumn,Sunny,Electronics,S003,North,4046,190942.73,94.09,141,35,89.40,105.25,NORMAL_IMPACT
Autumn,Sunny,Electronics,S001,North,4360,238284.44,88.98,138,37,88.50,100.55,NORMAL_IMPACT
Autumn,Sunny,Electronics,S001,East,4606,222686.45,95.96,146,42,90.18,106.41,NORMAL_IMPACT
Autumn,Sunny,Electronics,S005,South,5361,273354.57,94.05,143,44,91.09,103.25,NORMAL_IMPACT
Autumn,Sunny,Electronics,S003,East,4783,254758.54,101.77,153,37,89.25,114.02,NORMAL_IMPACT
Autumn,Sunny,Electronics,S002,West,5277,264045.00,107.69,154,39,89.34,120.55,HIGH_IMPACT
Autumn,Sunny,Electronics,S002,South,4790,222114.23,92.12,145,43,90.31,102.00,NORMAL_IMPACT
Autumn,Sunny,Electronics,S002,North,4573,222907.80,97.30,141,40,89.18,109.10,NORMAL_IMPACT
Autumn,Sunny,Electronics,S002,East,2789,128619.26,99.61,145,21,90.54,110.02,NORMAL_IMPACT
Autumn,Sunny,Electronics,S001,West,3942,196097.73,89.59,132,35,89.22,100.41,NORMAL_IMPACT
Autumn,Sunny,Electronics,S001,South,4083,179751.75,92.80,139,36,87.47,106.09,NORMAL_IMPACT
Autumn,Sunny,Electronics,S003,West,4102,210207.13,105.18,154,32,91.08,115.48,NORMAL_IMPACT
Spring,Cloudy,Electronics,S003,North,2822,156425.09,100.79,145,27,89.40,112.74,NORMAL_IMPACT
Spring,Cloudy,Electronics,S003,South,2915,129169.34,88.33,134,28,89.54,98.65,NORMAL_IMPACT
Spring,Cloudy,Electronics,S003,West,3360,150655.16,98.82,151,28,91.08,108.50,NORMAL_IMPACT
Spring,Cloudy,Electronics,S004,East,3308,157391.34,89.41,142,27,88.87,100.60,NORMAL_IMPACT
Spring,Cloudy,Electronics,S004,North,2390,125526.50,99.58,150,20,90.81,109.66,NORMAL_IMPACT
Spring,Cloudy,Electronics,S004,South,2798,158146.53,99.93,148,25,90.55,110.36,NORMAL_IMPACT
Spring,Cloudy,Electronics,S004,West,2588,158505.00,86.27,137,25,87.39,98.71,NORMAL_IMPACT
Spring,Cloudy,Electronics,S005,East,2484,125365.47,103.50,156,21,88.71,116.67,NORMAL_IMPACT
Spring,Cloudy,Electronics,S005,South,2777,131206.37,106.81,147,23,91.09,117.25,NORMAL_IMPACT
Spring,Cloudy,Electronics,S005,West,3033,165554.65,97.84,149,28,90.99,107.53,NORMAL_IMPACT
Spring,Cloudy,Electronics,S005,North,3106,160631.33,86.28,134,26,88.04,98.00,NORMAL_IMPACT
Spring,Cloudy,Electronics,S001,East,4190,221929.51,93.11,143,35,90.18,103.25,NORMAL_IMPACT
Spring,Cloudy,Electronics,S001,North,2356,121541.21,90.62,135,22,88.50,102.40,NORMAL_IMPACT
Spring,Cloudy,Electronics,S001,South,2791,136043.81,96.24,143,24,87.47,110.03,NORMAL_IMPACT
Spring,Cloudy,Electronics,S001,West,2261,112343.31,90.44,144,21,89.22,101.36,NORMAL_IMPACT
Spring,Cloudy,Electronics,S002,East,2836,166486.77,105.04,155,22,90.54,116.01,NORMAL_IMPACT
Spring,Cloudy,Electronics,S002,North,2891,116384.83,87.61,138,26,89.18,98.23,NORMAL_IMPACT
Spring,Cloudy,Electronics,S002,South,2576,131159.32,92.00,142,23,90.31,101.87,NORMAL_IMPACT
Spring,Cloudy,Electronics,S002,West,2928,144935.35,88.73,145,28,89.34,99.32,NORMAL_IMPACT
Spring,Cloudy,Electronics,S003,East,3527,219450.56,100.77,151,29,89.25,112.90,NORMAL_IMPACT
Spring,Rainy,Electronics,S001,East,2248,121150.89,80.29,115,22,90.18,89.03,NORMAL_IMPACT
Spring,Rainy,Electronics,S001,North,1845,98725.07,68.33,114,25,88.50,77.22,LOW_IMPACT
Spring,Rainy,Electronics,S001,South,1915,88069.68,73.65,126,22,87.47,84.21,NORMAL_IMPACT
Spring,Rainy,Electronics,S001,West,3212,150698.98,78.34,128,32,89.22,87.80,NORMAL_IMPACT
Spring,Rainy,Electronics,S002,East,2559,137666.91,79.97,126,25,90.54,88.33,NORMAL_IMPACT
Spring,Rainy,Electronics,S002,North,2602,119889.94,74.34,122,27,89.18,83.36,NORMAL_IMPACT
Spring,Rainy,Electronics,S002,South,2076,101330.70,71.59,118,22,90.31,79.27,LOW_IMPACT
Spring,Rainy,Electronics,S002,West,3077,131622.67,78.90,128,29,89.34,88.31,NORMAL_IMPACT
Spring,Rainy,Electronics,S003,East,2315,103691.72,77.17,128,24,89.25,86.46,NORMAL_IMPACT
Spring,Rainy,Electronics,S003,North,2475,140794.11,82.50,133,24,89.40,92.29,NORMAL_IMPACT
Spring,Rainy,Electronics,S003,South,2722,138796.79,71.63,114,29,89.54,80.00,NORMAL_IMPACT
Spring,Rainy,Electronics,S005,North,3322,160325.34,77.26,121,30,88.04,87.75,NORMAL_IMPACT
Spring,Rainy,Electronics,S005,West,1508,69591.79,79.37,135,18,90.99,87.23,NORMAL_IMPACT
Spring,Rainy,Electronics,S005,South,2996,166173.32,76.82,125,31,91.09,84.33,NORMAL_IMPACT
Spring,Rainy,Electronics,S004,East,1930,84120.79,66.55,118,23,88.87,74.89,LOW_IMPACT
Spring,Rainy,Electronics,S003,West,2291,114403.60,69.42,119,24,91.08,76.22,LOW_IMPACT
Spring,Rainy,Electronics,S004,North,2314,105247.29,74.65,125,25,90.81,82.20,NORMAL_IMPACT
Spring,Rainy,Electronics,S004,South,2765,159644.35,76.81,126,24,90.55,84.82,NORMAL_IMPACT
Spring,Rainy,Electronics,S004,West,2388,120221.34,79.60,118,24,87.39,91.08,NORMAL_IMPACT
Spring,Rainy,Electronics,S005,East,1811,83075.60,72.44,116,23,88.71,81.66,NORMAL_IMPACT
Spring,Snowy,Electronics,S002,South,2722,119458.28,104.69,159,20,90.31,115.93,NORMAL_IMPACT
Spring,Snowy,Electronics,S003,West,2989,148952.57,96.42,147,22,91.08,105.86,NORMAL_IMPACT
Spring,Snowy,Electronics,S004,East,2706,145628.30,104.08,162,21,88.87,117.11,NORMAL_IMPACT
Spring,Snowy,Electronics,S004,North,2553,107264.79,85.10,141,23,90.81,93.71,NORMAL_IMPACT
Spring,Snowy,Electronics,S002,North,2033,115514.61,96.81,144,19,89.18,108.55,NORMAL_IMPACT
Spring,Snowy,Electronics,S004,South,2439,102895.51,90.33,134,21,90.55,99.76,NORMAL_IMPACT
Spring,Snowy,Electronics,S004,West,2598,131737.21,96.22,145,25,87.39,110.10,NORMAL_IMPACT
Spring,Snowy,Electronics,S005,East,3057,157167.52,92.64,142,28,88.71,104.43,NORMAL_IMPACT
Spring,Snowy,Electronics,S005,South,3284,180677.87,96.59,147,27,91.09,106.03,NORMAL_IMPACT
Spring,Snowy,Electronics,S005,West,2826,124013.29,94.20,141,30,90.99,103.53,NORMAL_IMPACT
Spring,Snowy,Electronics,S003,South,2851,167837.95,95.03,141,26,89.54,106.14,NORMAL_IMPACT
Spring,Snowy,Electronics,S003,North,2252,120693.99,86.62,133,19,89.40,96.89,NORMAL_IMPACT
Spring,Snowy,Electronics,S003,East,3027,142914.72,100.90,156,25,89.25,113.05,NORMAL_IMPACT
Spring,Snowy,Electronics,S002,West,2654,118595.77,88.47,135,27,89.34,99.03,NORMAL_IMPACT
Spring,Snowy,Electronics,S002,East,2892,154977.23,85.06,146,28,90.54,93.95,NORMAL_IMPACT
Spring,Snowy,Electronics,S001,West,3066,154999.80,102.20,156,25,89.22,114.54,NORMAL_IMPACT
Spring,Snowy,Electronics,S001,South,1952,99555.94,84.87,139,20,87.47,97.03,NORMAL_IMPACT
Spring,Snowy,Electronics,S001,North,3556,217979.39,93.58,139,32,88.50,105.74,NORMAL_IMPACT
Spring,Snowy,Electronics,S001,East,2436,116486.57,105.91,157,18,90.18,117.44,NORMAL_IMPACT
Spring,Snowy,Electronics,S005,North,2926,149792.65,97.53,145,27,88.04,110.78,NORMAL_IMPACT
Spring,Sunny,Electronics,S004,East,3038,148142.02,84.39,133,28,88.87,94.96,NORMAL_IMPACT
Spring,Sunny,Electronics,S001,North,2418,124312.01,93.00,134,21,88.50,105.09,NORMAL_IMPACT
Spring,Sunny,Electronics,S001,South,3002,134840.16,85.77,141,27,87.47,98.06,NORMAL_IMPACT
Spring,Sunny,Electronics,S001,West,3006,158223.78,88.41,132,26,89.22,99.09,NORMAL_IMPACT
Spring,Sunny,Electronics,S003,South,2511,137121.03,93.00,139,22,89.54,103.87,NORMAL_IMPACT
Spring,Sunny,Electronics,S003,East,2209,100781.16,84.96,142,21,89.25,95.19,NORMAL_IMPACT
Spring,Sunny,Electronics,S002,East,2824,155959.95,94.13,148,24,90.54,103.97,NORMAL_IMPACT
Spring,Sunny,Electronics,S002,North,3649,174820.83,93.56,144,31,89.18,104.91,NORMAL_IMPACT
Spring,Sunny,Electronics,S002,South,2421,125418.22,110.05,151,18,90.31,121.85,HIGH_IMPACT
Spring,Sunny,Electronics,S002,West,2843,147646.21,94.77,151,23,89.34,106.08,NORMAL_IMPACT
Spring,Sunny,Electronics,S004,West,3846,207934.28,96.15,141,31,87.39,110.02,NORMAL_IMPACT
Spring,Sunny,Electronics,S003,North,2825,136355.59,97.41,152,22,89.40,108.97,NORMAL_IMPACT
Spring,Sunny,Electronics,S001,East,2932,152617.20,91.63,136,25,90.18,101.60,NORMAL_IMPACT
Spring,Sunny,Electronics,S005,West,2534,124078.06,90.50,146,21,90.99,99.46,NORMAL_IMPACT
Spring,Sunny,Electronics,S004,South,2433,151958.60,93.58,137,21,90.55,103.34,NORMAL_IMPACT
Spring,Sunny,Electronics,S005,South,2077,102535.47,94.41,146,18,91.09,103.64,NORMAL_IMPACT
Spring,Sunny,Electronics,S005,North,2971,162028.55,92.84,138,27,88.04,105.46,NORMAL_IMPACT
Spring,Sunny,Electronics,S005,East,3275,150846.55,90.97,136,33,88.71,102.55,NORMAL_IMPACT
Spring,Sunny,Electronics,S003,West,2605,118261.23,93.04,143,24,91.08,102.15,NORMAL_IMPACT
Spring,Sunny,Electronics,S004,North,2980,113680.27,96.13,151,24,90.81,105.86,NORMAL_IMPACT
Summer,Cloudy,Electronics,S003,West,3766,193825.47,99.11,154,31,91.08,108.81,NORMAL_IMPACT
Summer,Cloudy,Electronics,S001,North,4938,269264.88,98.76,140,42,88.50,111.60,NORMAL_IMPACT
Summer,Cloudy,Electronics,S005,West,4250,224509.92,94.44,149,40,90.99,103.80,NORMAL_IMPACT
Summer,Cloudy,Electronics,S005,South,3310,159995.36,91.94,140,29,91.09,100.94,NORMAL_IMPACT
Summer,Cloudy,Electronics,S005,North,4633,221006.24,94.55,146,36,88.04,107.40,NORMAL_IMPACT
Summer,Cloudy,Electronics,S005,East,5522,250699.32,100.40,148,43,88.71,113.18,NORMAL_IMPACT
Summer,Cloudy,Electronics,S004,West,3979,192827.60,86.50,130,36,87.39,98.98,NORMAL_IMPACT
Summer,Cloudy,Electronics,S004,South,4912,253014.69,96.31,146,43,90.55,106.37,NORMAL_IMPACT
Summer,Cloudy,Electronics,S004,North,4878,230206.90,97.56,139,43,90.81,107.44,NORMAL_IMPACT
Summer,Cloudy,Electronics,S004,East,4988,263680.52,95.92,139,42,88.87,107.93,NORMAL_IMPACT
Summer,Cloudy,Electronics,S003,South,4798,243212.96,99.96,154,38,89.54,111.64,NORMAL_IMPACT
Summer,Cloudy,Electronics,S003,North,4935,232166.33,98.70,151,40,89.40,110.41,NORMAL_IMPACT
Summer,Cloudy,Electronics,S003,East,3799,202818.67,97.41,147,35,89.25,109.14,NORMAL_IMPACT
Summer,Cloudy,Electronics,S002,West,4685,226915.59,95.61,141,40,89.34,107.02,NORMAL_IMPACT
Summer,Cloudy,Electronics,S002,South,3006,144331.02,85.89,145,30,90.31,95.10,NORMAL_IMPACT
Summer,Cloudy,Electronics,S002,North,4734,264436.41,87.67,137,41,89.18,98.30,NORMAL_IMPACT
Summer,Cloudy,Electronics,S002,East,4161,212764.49,96.77,151,38,90.54,106.88,NORMAL_IMPACT
Summer,Cloudy,Electronics,S001,West,4461,259182.77,94.91,152,39,89.22,106.38,NORMAL_IMPACT
Summer,Cloudy,Electronics,S001,South,3220,176143.11,82.56,131,35,87.47,94.39,NORMAL_IMPACT
Summer,Cloudy,Electronics,S001,East,4221,215948.16,95.93,142,38,90.18,106.38,NORMAL_IMPACT
Summer,Rainy,Electronics,S005,South,3771,193304.20,76.96,130,42,91.09,84.49,NORMAL_IMPACT
Summer,Rainy,Electronics,S003,East,4097,237521.96,80.33,128,41,89.25,90.00,NORMAL_IMPACT
Summer,Rainy,Electronics,S002,West,2516,137906.24,71.89,114,31,89.34,80.47,NORMAL_IMPACT
Summer,Rainy,Electronics,S002,South,3698,207790.69,75.47,119,37,90.31,83.57,NORMAL_IMPACT
Summer,Rainy,Electronics,S002,North,3227,148691.48,73.34,126,35,89.18,82.24,NORMAL_IMPACT
Summer,Rainy,Electronics,S002,East,3889,184749.62,73.38,120,44,90.54,81.05,NORMAL_IMPACT
Summer,Rainy,Electronics,S001,South,2789,133897.87,79.69,126,31,87.47,91.10,NORMAL_IMPACT
Summer,Rainy,Electronics,S001,North,4930,252893.90,74.70,119,49,88.50,84.41,NORMAL_IMPACT
Summer,Rainy,Electronics,S001,East,3868,191439.71,78.94,126,40,90.18,87.53,NORMAL_IMPACT
Summer,Rainy,Electronics,S003,North,3587,194009.06,70.33,122,42,89.40,78.68,LOW_IMPACT
Summer,Rainy,Electronics,S005,West,3919,196924.80,85.20,133,39,90.99,93.64,NORMAL_IMPACT
Summer,Rainy,Electronics,S005,North,3309,156125.45,70.40,124,40,88.04,79.97,LOW_IMPACT
Summer,Rainy,Electronics,S005,East,2984,151162.85,69.40,122,35,88.71,78.23,LOW_IMPACT
Summer,Rainy,Electronics,S004,West,2912,131316.35,67.72,121,35,87.39,77.49,LOW_IMPACT
Summer,Rainy,Electronics,S004,North,3528,163518.56,76.70,130,37,90.81,84.46,NORMAL_IMPACT
Summer,Rainy,Electronics,S004,South,3005,159997.01,77.05,132,36,90.55,85.09,NORMAL_IMPACT
Summer,Rainy,Electronics,S004,East,4673,236129.64,76.61,125,46,88.87,86.20,NORMAL_IMPACT
Summer,Rainy,Electronics,S003,West,3119,136222.19,79.97,126,30,91.08,87.81,NORMAL_IMPACT
Summer,Rainy,Electronics,S003,South,3518,182693.57,78.18,129,38,89.54,87.31,NORMAL_IMPACT
Summer,Rainy,Electronics,S001,West,3832,203126.42,75.14,120,41,89.22,84.21,NORMAL_IMPACT
Summer,Snowy,Electronics,S003,North,3581,171145.04,96.78,143,30,89.40,108.26,NORMAL_IMPACT
Summer,Snowy,Electronics,S003,South,4259,228982.15,90.62,145,34,89.54,101.20,NORMAL_IMPACT
Summer,Snowy,Electronics,S003,West,4433,241326.94,94.32,136,42,91.08,103.56,NORMAL_IMPACT
Summer,Snowy,Electronics,S004,East,3865,196530.75,92.02,137,31,88.87,103.55,NORMAL_IMPACT
Summer,Snowy,Electronics,S004,North,4641,220400.09,105.48,167,37,90.81,116.15,NORMAL_IMPACT
Summer,Snowy,Electronics,S004,South,3884,185858.12,90.33,140,37,90.55,99.75,NORMAL_IMPACT
Summer,Snowy,Electronics,S004,West,3971,210454.96,86.33,138,41,87.39,98.78,NORMAL_IMPACT
Summer,Snowy,Electronics,S005,East,4791,258286.01,101.94,159,36,88.71,114.91,NORMAL_IMPACT
Summer,Snowy,Electronics,S005,North,4110,198567.70,93.41,143,38,88.04,106.10,NORMAL_IMPACT
Summer,Snowy,Electronics,S005,West,5711,293014.56,95.18,143,47,90.99,104.61,NORMAL_IMPACT
Summer,Snowy,Electronics,S001,East,3991,197093.72,86.76,134,38,90.18,96.21,NORMAL_IMPACT
Summer,Snowy,Electronics,S001,North,4660,245598.66,89.62,146,41,88.50,101.27,NORMAL_IMPACT
Summer,Snowy,Electronics,S001,South,3713,173975.40,97.71,141,35,87.47,111.71,NORMAL_IMPACT
Summer,Snowy,Electronics,S001,West,4545,256128.02,98.80,148,41,89.22,110.74,NORMAL_IMPACT
Summer,Snowy,Electronics,S002,East,5068,253348.76,95.62,154,43,90.54,105.62,NORMAL_IMPACT
Summer,Snowy,Electronics,S002,North,4047,193917.51,91.98,140,40,89.18,103.13,NORMAL_IMPACT
Summer,Snowy,Electronics,S002,South,4165,201217.57,90.54,142,36,90.31,100.26,NORMAL_IMPACT
Summer,Snowy,Electronics,S002,West,4210,220334.47,91.52,142,37,89.34,102.45,NORMAL_IMPACT
Summer,Snowy,Electronics,S003,East,3548,174539.84,88.70,137,33,89.25,99.38,NORMAL_IMPACT
Summer,Snowy,Electronics,S005,South,4653,244379.43,103.40,154,39,91.09,113.51,NORMAL_IMPACT
Summer,Sunny,Electronics,S003,North,4176,224888.04,94.91,131,38,89.40,106.17,NORMAL_IMPACT
Summer,Sunny,Electronics,S003,East,5860,325149.51,94.52,144,48,89.25,105.90,NORMAL_IMPACT
Summer,Sunny,Electronics,S002,West,3997,195223.43,95.17,149,38,89.34,106.53,NORMAL_IMPACT
Summer,Sunny,Electronics,S002,South,5280,242689.26,91.03,145,46,90.31,100.80,NORMAL_IMPACT
Summer,Sunny,Electronics,S002,North,3713,204205.83,84.39,134,32,89.18,94.62,NORMAL_IMPACT
Summer,Sunny,Electronics,S002,East,4055,222887.20,98.90,141,36,90.54,109.24,NORMAL_IMPACT
Summer,Sunny,Electronics,S001,West,3373,173212.07,88.76,144,34,89.22,99.48,NORMAL_IMPACT
Summer,Sunny,Electronics,S001,South,3633,166304.54,98.19,145,28,87.47,112.26,NORMAL_IMPACT
Summer,Sunny,Electronics,S001,North,4374,227786.30,95.09,143,36,88.50,107.45,NORMAL_IMPACT
Summer,Sunny,Electronics,S001,East,4849,238245.69,93.25,141,39,90.18,103.40,NORMAL_IMPACT
Summer,Sunny,Electronics,S005,East,3623,183075.68,95.34,146,34,88.71,107.48,NORMAL_IMPACT
Summer,Sunny,Electronics,S005,West,4768,248237.62,91.69,141,39,90.99,100.78,NORMAL_IMPACT
Summer,Sunny,Electronics,S005,South,4144,193598.39,103.60,148,35,91.09,113.73,NORMAL_IMPACT
Summer,Sunny,Electronics,S005,North,3494,175442.24,87.35,137,35,88.04,99.22,NORMAL_IMPACT
Summer,Sunny,Electronics,S004,West,3219,142122.30,89.42,132,31,87.39,102.32,NORMAL_IMPACT
Summer,Sunny,Electronics,S004,South,4328,204582.76,92.09,141,38,90.55,101.70,NORMAL_IMPACT
Summer,Sunny,Electronics,S004,North,4112,212291.23,91.38,139,34,90.81,100.63,NORMAL_IMPACT
Summer,Sunny,Electronics,S004,East,4122,206398.45,91.60,136,35,88.87,103.07,NORMAL_IMPACT
Summer,Sunny,Electronics,S003,West,4945,232603.55,96.96,144,41,91.08,106.46,NORMAL_IMPACT
Summer,Sunny,Electronics,S003,South,4250,218758.26,90.43,139,39,89.54,100.99,NORMAL_IMPACT
Winter,Cloudy,Electronics,S001,South,5755,257214.17,95.92,147,48,87.47,109.66,NORMAL_IMPACT
Winter,Cloudy,Electronics,S002,North,6333,364176.20,94.52,139,55,89.18,105.99,NORMAL_IMPACT
Winter,Cloudy,Electronics,S002,East,4525,220641.02,98.37,145,44,90.54,108.65,NORMAL_IMPACT
Winter,Cloudy,Electronics,S005,West,4570,256209.12,87.88,135,45,90.99,96.59,NORMAL_IMPACT
Winter,Cloudy,Electronics,S005,South,5886,321596.22,98.10,148,48,91.09,107.69,NORMAL_IMPACT
Winter,Cloudy,Electronics,S005,East,5641,311587.97,86.78,134,50,88.71,97.83,NORMAL_IMPACT
Winter,Cloudy,Electronics,S004,West,5095,259694.74,89.39,147,45,87.39,102.28,NORMAL_IMPACT
Winter,Cloudy,Electronics,S004,South,4779,223138.25,93.71,143,38,90.55,103.49,NORMAL_IMPACT
Winter,Cloudy,Electronics,S001,West,4806,230961.07,98.08,149,41,89.22,109.93,NORMAL_IMPACT
Winter,Cloudy,Electronics,S004,North,5008,248162.39,96.31,143,40,90.81,106.06,NORMAL_IMPACT
Winter,Cloudy,Electronics,S004,East,4844,243182.50,93.15,146,43,88.87,104.82,NORMAL_IMPACT
Winter,Cloudy,Electronics,S003,West,4148,230260.85,90.17,145,38,91.08,99.01,NORMAL_IMPACT
Winter,Cloudy,Electronics,S003,South,6645,272211.27,94.93,137,57,89.54,106.02,NORMAL_IMPACT
Winter,Cloudy,Electronics,S003,North,5601,291185.15,87.52,133,50,89.40,97.90,NORMAL_IMPACT
Winter,Cloudy,Electronics,S003,East,5035,251619.59,85.34,137,51,89.25,95.61,NORMAL_IMPACT
Winter,Cloudy,Electronics,S002,West,4808,247691.03,92.46,136,43,89.34,103.50,NORMAL_IMPACT
Winter,Cloudy,Electronics,S002,South,5196,279278.46,91.16,141,52,90.31,100.94,NORMAL_IMPACT
Winter,Cloudy,Electronics,S005,North,5863,303665.51,94.56,139,48,88.04,107.41,NORMAL_IMPACT
Winter,Cloudy,Electronics,S001,North,6211,350947.10,94.11,142,53,88.50,106.34,NORMAL_IMPACT
Winter,Cloudy,Electronics,S001,East,4441,213876.02,94.49,146,41,90.18,104.78,NORMAL_IMPACT
Winter,Rainy,Electronics,S001,West,3502,197163.60,74.51,122,38,89.22,83.51,NORMAL_IMPACT
Winter,Rainy,Electronics,S001,North,5047,217558.03,74.22,119,56,88.50,83.87,NORMAL_IMPACT
Winter,Rainy,Electronics,S001,East,3929,188598.64,74.13,126,44,90.18,82.20,NORMAL_IMPACT
Winter,Rainy,Electronics,S003,East,4297,206145.50,70.44,115,49,89.25,78.92,LOW_IMPACT
Winter,Rainy,Electronics,S002,West,3914,175024.53,76.75,125,43,89.34,85.91,NORMAL_IMPACT
Winter,Rainy,Electronics,S002,South,4863,238954.09,77.19,125,47,90.31,85.47,NORMAL_IMPACT
Winter,Rainy,Electronics,S002,North,5018,253824.74,78.41,130,50,89.18,87.92,NORMAL_IMPACT
Winter,Rainy,Electronics,S002,East,4839,259040.44,76.81,126,47,90.54,84.84,NORMAL_IMPACT
Winter,Rainy,Electronics,S005,West,4960,247096.33,77.50,122,43,90.99,85.18,NORMAL_IMPACT
Winter,Rainy,Electronics,S001,South,5159,255227.12,75.87,125,56,87.47,86.74,NORMAL_IMPACT
Winter,Rainy,Electronics,S005,South,4540,214331.96,74.43,124,51,91.09,81.71,NORMAL_IMPACT
Winter,Rainy,Electronics,S005,North,5079,290213.84,78.14,132,51,88.04,88.75,NORMAL_IMPACT
Winter,Rainy,Electronics,S005,East,4324,249733.82,72.07,122,48,88.71,81.24,NORMAL_IMPACT
Winter,Rainy,Electronics,S004,West,4095,188380.04,70.60,128,45,87.39,80.79,NORMAL_IMPACT
Winter,Rainy,Electronics,S004,South,5015,237954.12,77.15,130,51,90.55,85.21,NORMAL_IMPACT
Winter,Rainy,Electronics,S004,North,5993,290449.37,74.91,121,56,90.81,82.50,NORMAL_IMPACT
Winter,Rainy,Electronics,S004,East,4493,237143.05,69.12,118,55,88.87,77.78,LOW_IMPACT
Winter,Rainy,Electronics,S003,West,5073,250461.63,81.82,132,49,91.08,89.84,NORMAL_IMPACT
Winter,Rainy,Electronics,S003,South,4324,225874.11,75.86,122,49,89.54,84.72,NORMAL_IMPACT
Winter,Rainy,Electronics,S003,North,5011,278223.51,78.30,125,52,89.40,87.58,NORMAL_IMPACT
Winter,Snowy,Electronics,S003,North,4509,220244.81,86.71,136,45,89.40,97.00,NORMAL_IMPACT
Winter,Snowy,Electronics,S003,South,4871,265403.55,90.20,148,46,89.54,100.74,NORMAL_IMPACT
Winter,Snowy,Electronics,S004,West,6246,324991.99,100.74,155,52,87.39,115.28,NORMAL_IMPACT
Winter,Snowy,Electronics,S003,West,5209,256037.62,94.71,152,50,91.08,103.99,NORMAL_IMPACT
Winter,Snowy,Electronics,S004,East,5682,312532.49,97.97,151,47,88.87,110.23,NORMAL_IMPACT
Winter,Snowy,Electronics,S004,North,5017,261732.51,92.91,137,45,90.81,102.31,NORMAL_IMPACT
Winter,Snowy,Electronics,S004,South,5894,310115.40,95.06,135,51,90.55,104.99,NORMAL_IMPACT
Winter,Snowy,Electronics,S005,East,5086,262997.79,89.23,136,44,88.71,100.58,NORMAL_IMPACT
Winter,Snowy,Electronics,S005,North,6264,325194.24,90.78,142,56,88.04,103.12,NORMAL_IMPACT
Winter,Snowy,Electronics,S005,South,5827,314314.48,95.52,144,52,91.09,104.87,NORMAL_IMPACT
Winter,Snowy,Electronics,S005,West,6203,359875.37,93.98,138,54,90.99,103.29,NORMAL_IMPACT
Winter,Snowy,Electronics,S001,East,5919,329139.02,93.95,139,51,90.18,104.18,NORMAL_IMPACT
Winter,Snowy,Electronics,S001,North,6160,340318.39,91.94,139,53,88.50,103.89,NORMAL_IMPACT
Winter,Snowy,Electronics,S001,West,5452,284378.60,80.18,128,53,89.22,89.86,NORMAL_IMPACT
Winter,Snowy,Electronics,S002,East,6566,328619.39,98.00,145,53,90.54,108.24,NORMAL_IMPACT
Winter,Snowy,Electronics,S002,North,6552,309860.94,97.79,154,52,89.18,109.65,NORMAL_IMPACT
Winter,Snowy,Electronics,S002,South,6309,348121.43,91.43,142,55,90.31,101.25,NORMAL_IMPACT
Winter,Snowy,Electronics,S002,West,6421,316234.02,90.44,139,51,89.34,101.23,NORMAL_IMPACT
Winter,Snowy,Electronics,S003,East,5673,311241.09,96.15,151,50,89.25,107.73,NORMAL_IMPACT
Winter,Snowy,Electronics,S001,South,5905,322664.80,85.58,130,50,87.47,97.84,NORMAL_IMPACT
Winter,Sunny,Electronics,S005,East,5281,274712.44,92.65,141,47,88.71,104.44,NORMAL_IMPACT
Winter,Sunny,Electronics,S003,North,5839,295739.85,92.68,143,54,89.40,103.68,NORMAL_IMPACT
Winter,Sunny,Electronics,S005,West,5487,243373.48,97.98,144,42,90.99,107.69,NORMAL_IMPACT
Winter,Sunny,Electronics,S005,South,4972,250929.28,87.23,140,47,91.09,95.76,NORMAL_IMPACT
Winter,Sunny,Electronics,S005,North,5328,242419.67,95.14,146,52,88.04,108.07,NORMAL_IMPACT
Winter,Sunny,Electronics,S004,West,5924,285807.67,92.56,139,51,87.39,105.92,NORMAL_IMPACT
Winter,Sunny,Electronics,S004,South,5766,321780.09,91.52,141,54,90.55,101.08,NORMAL_IMPACT
Winter,Sunny,Electronics,S004,North,6029,327899.38,97.24,146,51,90.81,107.09,NORMAL_IMPACT
Winter,Sunny,Electronics,S004,East,6398,354424.70,101.56,152,50,88.87,114.27,NORMAL_IMPACT
Winter,Sunny,Electronics,S003,West,6020,298257.57,97.10,143,50,91.08,106.61,NORMAL_IMPACT
Winter,Sunny,Electronics,S003,East,5994,284995.96,90.82,145,45,89.25,101.75,NORMAL_IMPACT
Winter,Sunny,Electronics,S003,South,6671,365801.27,90.15,133,55,89.54,100.68,NORMAL_IMPACT
Winter,Sunny,Electronics,S001,North,5210,287801.22,89.83,140,47,88.50,101.51,NORMAL_IMPACT
Winter,Sunny,Electronics,S002,West,5254,279238.59,93.82,138,43,89.34,105.02,NORMAL_IMPACT
Winter,Sunny,Electronics,S002,South,5025,238327.86,91.36,139,44,90.31,101.17,NORMAL_IMPACT
Winter,Sunny,Electronics,S002,North,5281,244848.84,94.30,139,45,89.18,105.74,NORMAL_IMPACT
Winter,Sunny,Electronics,S001,South,5939,329983.75,94.27,145,52,87.47,107.78,NORMAL_IMPACT
Winter,Sunny,Electronics,S002,East,6078,301178.94,94.97,145,53,90.54,104.89,NORMAL_IMPACT
Winter,Sunny,Electronics,S001,West,5884,292877.87,98.07,146,49,89.22,109.91,NORMAL_IMPACT
Winter,Sunny,Electronics,S001,East,5736,324458.73,92.52,141,49,90.18,102.59,NORMAL_IMPACT
Autumn,Cloudy,Furniture,S001,South,2392,130453.74,85.43,138,26,92.33,92.52,NORMAL_IMPACT
Autumn,Cloudy,Furniture,S001,West,3210,156280.38,103.55,163,27,95.26,108.70,NORMAL_IMPACT
Autumn,Cloudy,Furniture,S002,East,2575,124778.51,91.96,131,23,94.21,97.62,NORMAL_IMPACT
Autumn,Cloudy,Furniture,S002,North,3843,184292.78,91.50,145,37,90.89,100.68,NORMAL_IMPACT
Autumn,Cloudy,Furniture,S002,South,3836,192684.19,98.36,144,28,95.83,102.64,NORMAL_IMPACT
Autumn,Cloudy,Furniture,S002,West,3718,143405.30,95.33,142,34,93.27,102.21,NORMAL_IMPACT
Autumn,Cloudy,Furniture,S003,East,3446,181215.68,90.68,138,33,91.26,99.37,NORMAL_IMPACT
Autumn,Cloudy,Furniture,S003,North,3145,151159.08,89.86,151,32,94.27,95.32,NORMAL_IMPACT
Autumn,Cloudy,Furniture,S003,South,3008,138880.66,97.03,144,28,93.86,103.38,NORMAL_IMPACT
Autumn,Cloudy,Furniture,S001,East,4299,222449.70,93.46,140,40,94.47,98.92,NORMAL_IMPACT
Autumn,Cloudy,Furniture,S004,West,2438,113244.13,97.52,135,21,93.49,104.31,NORMAL_IMPACT
Autumn,Cloudy,Furniture,S003,West,2354,117384.34,90.54,144,22,91.99,98.43,NORMAL_IMPACT
Autumn,Cloudy,Furniture,S005,East,3269,164430.69,102.16,158,30,95.71,106.73,NORMAL_IMPACT
Autumn,Cloudy,Furniture,S005,North,2343,116379.21,90.12,135,21,96.21,93.66,NORMAL_IMPACT
Autumn,Cloudy,Furniture,S005,South,3865,195343.27,89.88,139,34,90.13,99.72,NORMAL_IMPACT
Autumn,Cloudy,Furniture,S005,West,3236,157828.77,92.46,144,29,93.88,98.49,NORMAL_IMPACT
Autumn,Cloudy,Furniture,S004,East,4373,236611.17,93.04,145,43,93.98,99.00,NORMAL_IMPACT
Autumn,Cloudy,Furniture,S004,North,3630,193496.48,84.42,127,34,91.11,92.65,NORMAL_IMPACT
Autumn,Cloudy,Furniture,S004,South,3101,154536.82,91.21,144,31,95.29,95.72,NORMAL_IMPACT
Autumn,Cloudy,Furniture,S001,North,4377,242681.97,101.79,153,34,95.39,106.71,NORMAL_IMPACT
Autumn,Rainy,Furniture,S001,East,3566,196070.14,101.89,151,28,94.47,107.85,NORMAL_IMPACT
Autumn,Rainy,Furniture,S005,South,3779,196708.87,89.98,135,36,90.13,99.82,NORMAL_IMPACT
Autumn,Rainy,Furniture,S005,North,3764,225596.45,101.73,152,29,96.21,105.74,NORMAL_IMPACT
Autumn,Rainy,Furniture,S005,East,3785,197451.95,90.12,141,37,95.71,94.16,NORMAL_IMPACT
Autumn,Rainy,Furniture,S004,West,2400,115135.70,92.31,147,21,93.49,98.74,NORMAL_IMPACT
Autumn,Rainy,Furniture,S004,South,2919,133480.50,83.40,126,30,95.29,87.52,NORMAL_IMPACT
Autumn,Rainy,Furniture,S004,North,2793,123557.83,87.28,129,24,91.11,95.79,NORMAL_IMPACT
Autumn,Rainy,Furniture,S004,East,3554,152556.16,101.54,141,27,93.98,108.04,NORMAL_IMPACT
Autumn,Rainy,Furniture,S003,West,2501,135589.18,89.32,136,25,91.99,97.10,NORMAL_IMPACT
Autumn,Rainy,Furniture,S002,East,2701,160242.23,87.13,142,28,94.21,92.49,NORMAL_IMPACT
Autumn,Rainy,Furniture,S005,West,1935,94810.30,84.13,145,20,93.88,89.62,NORMAL_IMPACT
Autumn,Rainy,Furniture,S003,South,3548,162033.58,93.37,144,34,93.86,99.48,NORMAL_IMPACT
Autumn,Rainy,Furniture,S003,North,3286,176429.58,91.28,138,32,94.27,96.82,NORMAL_IMPACT
Autumn,Rainy,Furniture,S003,East,3017,144985.13,94.28,133,27,91.26,103.31,NORMAL_IMPACT
Autumn,Rainy,Furniture,S002,West,2952,145462.82,95.23,136,24,93.27,102.09,NORMAL_IMPACT
Autumn,Rainy,Furniture,S002,South,2977,160630.33,85.06,136,26,95.83,88.76,NORMAL_IMPACT
Autumn,Rainy,Furniture,S002,North,3441,182666.85,88.23,142,30,90.89,97.08,NORMAL_IMPACT
Autumn,Rainy,Furniture,S001,West,2964,140770.57,89.82,142,28,95.26,94.29,NORMAL_IMPACT
Autumn,Rainy,Furniture,S001,South,2918,151610.34,83.37,131,30,92.33,90.30,NORMAL_IMPACT
Autumn,Rainy,Furniture,S001,North,3155,163053.50,92.79,140,31,95.39,97.28,NORMAL_IMPACT
Autumn,Snowy,Furniture,S005,West,3098,144026.92,91.12,148,29,93.88,97.06,NORMAL_IMPACT
Autumn,Snowy,Furniture,S005,South,2992,163766.51,88.00,141,30,90.13,97.63,NORMAL_IMPACT
Autumn,Snowy,Furniture,S005,East,2882,158509.76,99.38,152,27,95.71,103.83,NORMAL_IMPACT
Autumn,Snowy,Furniture,S004,West,2906,143049.00,107.63,158,23,93.49,115.13,NORMAL_IMPACT
Autumn,Snowy,Furniture,S004,South,3083,169984.94,90.68,140,29,95.29,95.16,NORMAL_IMPACT
Autumn,Snowy,Furniture,S004,North,3647,209793.08,91.18,130,36,91.11,100.07,NORMAL_IMPACT
Autumn,Snowy,Furniture,S004,East,2923,161591.29,85.97,137,31,93.98,91.47,NORMAL_IMPACT
Autumn,Snowy,Furniture,S003,West,3116,149122.24,91.65,138,31,91.99,99.63,NORMAL_IMPACT
Autumn,Snowy,Furniture,S003,North,3252,155523.48,87.89,129,32,94.27,93.23,NORMAL_IMPACT
Autumn,Snowy,Furniture,S003,East,2560,127958.21,85.33,129,23,91.26,93.51,NORMAL_IMPACT
Autumn,Snowy,Furniture,S001,East,3363,174741.33,93.42,141,34,94.47,98.88,NORMAL_IMPACT
Autumn,Snowy,Furniture,S003,South,3260,209151.07,95.88,150,30,93.86,102.16,NORMAL_IMPACT
Autumn,Snowy,Furniture,S001,North,3176,148395.12,109.52,155,24,95.39,114.81,NORMAL_IMPACT
Autumn,Snowy,Furniture,S001,South,2582,138430.59,89.03,139,27,92.33,96.43,NORMAL_IMPACT
Autumn,Snowy,Furniture,S001,West,3288,163113.00,96.71,145,31,95.26,101.52,NORMAL_IMPACT
Autumn,Snowy,Furniture,S002,East,2139,98679.16,85.56,136,22,94.21,90.82,NORMAL_IMPACT
Autumn,Snowy,Furniture,S005,North,3644,178501.68,98.49,139,33,96.21,102.36,NORMAL_IMPACT
Autumn,Snowy,Furniture,S002,North,4071,185087.30,92.52,147,35,90.89,101.80,NORMAL_IMPACT
Autumn,Snowy,Furniture,S002,South,2865,147819.64,89.53,132,29,95.83,93.43,NORMAL_IMPACT
Autumn,Snowy,Furniture,S002,West,2606,141790.85,93.07,141,25,93.27,99.78,NORMAL_IMPACT
Autumn,Sunny,Furniture,S005,West,3658,205345.56,98.86,152,27,93.88,105.31,NORMAL_IMPACT
Autumn,Sunny,Furniture,S001,North,3280,182850.64,96.47,140,31,95.39,101.13,NORMAL_IMPACT
Autumn,Sunny,Furniture,S003,West,3762,160682.44,96.46,146,36,91.99,104.87,NORMAL_IMPACT
Autumn,Sunny,Furniture,S004,East,3178,176834.80,99.31,142,28,93.98,105.67,NORMAL_IMPACT
Autumn,Sunny,Furniture,S001,West,3423,153848.42,92.51,148,32,95.26,97.12,NORMAL_IMPACT
Autumn,Sunny,Furniture,S002,North,3791,202620.94,94.78,143,33,90.89,104.28,NORMAL_IMPACT
Autumn,Sunny,Furniture,S002,South,2405,121925.91,96.20,146,21,95.83,100.39,NORMAL_IMPACT
Autumn,Sunny,Furniture,S002,West,3855,200333.28,101.45,147,34,93.27,108.76,NORMAL_IMPACT
Autumn,Sunny,Furniture,S003,East,2651,131732.15,88.37,141,24,91.26,96.83,NORMAL_IMPACT
Autumn,Sunny,Furniture,S001,East,3113,160122.78,100.42,144,28,94.47,106.29,NORMAL_IMPACT
Autumn,Sunny,Furniture,S003,North,4011,179783.75,97.83,146,35,94.27,103.77,NORMAL_IMPACT
Autumn,Sunny,Furniture,S003,South,3934,197065.46,91.49,146,35,93.86,97.48,NORMAL_IMPACT
Autumn,Sunny,Furniture,S002,East,3472,152618.05,96.44,150,31,94.21,102.38,NORMAL_IMPACT
Autumn,Sunny,Furniture,S005,South,2300,126984.90,100.00,151,23,90.13,110.95,NORMAL_IMPACT
Autumn,Sunny,Furniture,S001,South,3450,150998.16,93.24,142,33,92.33,100.99,NORMAL_IMPACT
Autumn,Sunny,Furniture,S005,North,4475,216416.32,101.70,151,38,96.21,105.71,NORMAL_IMPACT
Autumn,Sunny,Furniture,S005,East,3125,163686.38,91.91,140,30,95.71,96.03,NORMAL_IMPACT
Autumn,Sunny,Furniture,S004,West,3052,153320.76,95.38,144,27,93.49,102.02,NORMAL_IMPACT
Autumn,Sunny,Furniture,S004,South,3454,175931.33,95.94,160,27,95.29,100.69,NORMAL_IMPACT
Autumn,Sunny,Furniture,S004,North,3815,194023.80,95.38,142,31,91.11,104.68,NORMAL_IMPACT
Spring,Cloudy,Furniture,S001,East,2187,97333.87,95.09,149,21,94.47,100.65,NORMAL_IMPACT
Spring,Cloudy,Furniture,S001,North,1703,89708.25,94.61,144,15,95.39,99.18,NORMAL_IMPACT
Spring,Cloudy,Furniture,S001,South,2404,129879.99,85.86,133,23,92.33,92.99,NORMAL_IMPACT
Spring,Cloudy,Furniture,S001,West,1910,92385.16,95.50,143,18,95.26,100.25,NORMAL_IMPACT
Spring,Cloudy,Furniture,S002,East,2526,145744.09,97.15,144,22,94.21,103.13,NORMAL_IMPACT
Spring,Cloudy,Furniture,S002,North,1808,95193.80,82.18,125,18,90.89,90.42,NORMAL_IMPACT
Spring,Cloudy,Furniture,S002,South,2546,155853.92,101.84,155,20,95.83,106.28,NORMAL_IMPACT
Spring,Cloudy,Furniture,S002,West,1200,77040.76,100.00,161,12,93.27,107.21,NORMAL_IMPACT
Spring,Cloudy,Furniture,S003,East,2492,123982.21,95.85,142,22,91.26,105.03,NORMAL_IMPACT
Spring,Cloudy,Furniture,S003,North,2532,103736.11,105.50,159,20,94.27,111.91,NORMAL_IMPACT
Spring,Cloudy,Furniture,S003,South,1893,101165.97,105.17,155,17,93.86,112.05,NORMAL_IMPACT
Spring,Cloudy,Furniture,S003,West,2807,134947.48,96.79,142,25,91.99,105.23,NORMAL_IMPACT
Spring,Cloudy,Furniture,S004,East,1436,71650.67,95.73,145,14,93.98,101.86,NORMAL_IMPACT
Spring,Cloudy,Furniture,S004,North,1962,105602.91,85.30,138,18,91.11,93.62,NORMAL_IMPACT
Spring,Cloudy,Furniture,S004,South,1603,84707.30,80.15,112,17,95.29,84.11,NORMAL_IMPACT
Spring,Cloudy,Furniture,S004,West,2724,141458.54,90.80,145,25,93.49,97.12,NORMAL_IMPACT
Spring,Cloudy,Furniture,S005,East,2774,138641.68,95.66,145,22,95.71,99.94,NORMAL_IMPACT
Spring,Cloudy,Furniture,S005,North,2250,115934.62,97.83,142,20,96.21,101.68,NORMAL_IMPACT
Spring,Cloudy,Furniture,S005,South,1480,78680.05,87.06,137,16,90.13,96.59,NORMAL_IMPACT
Spring,Cloudy,Furniture,S005,West,3184,171364.17,102.71,148,26,93.88,109.41,NORMAL_IMPACT
Spring,Rainy,Furniture,S003,West,2056,107613.77,85.67,131,21,91.99,93.13,NORMAL_IMPACT
Spring,Rainy,Furniture,S004,East,2523,116210.02,90.11,139,24,93.98,95.88,NORMAL_IMPACT
Spring,Rainy,Furniture,S004,North,1783,97875.09,93.84,154,15,91.11,102.99,NORMAL_IMPACT
Spring,Rainy,Furniture,S004,South,2482,116479.51,99.28,146,22,95.29,104.19,NORMAL_IMPACT
Spring,Rainy,Furniture,S004,West,1402,72971.35,77.89,130,17,93.49,83.31,NORMAL_IMPACT
Spring,Rainy,Furniture,S005,East,1756,95090.96,87.80,140,16,95.71,91.73,NORMAL_IMPACT
Spring,Rainy,Furniture,S005,North,1638,74918.09,91.00,147,18,96.21,94.58,NORMAL_IMPACT
Spring,Rainy,Furniture,S005,South,1587,91590.06,79.35,134,16,90.13,88.04,NORMAL_IMPACT
Spring,Rainy,Furniture,S005,West,2103,98030.01,84.12,134,21,93.88,89.61,NORMAL_IMPACT
Spring,Rainy,Furniture,S001,North,1923,91910.24,91.57,136,20,95.39,96.00,NORMAL_IMPACT
Spring,Rainy,Furniture,S001,East,2595,154525.61,103.80,158,22,94.47,109.87,NORMAL_IMPACT
Spring,Rainy,Furniture,S001,South,1936,98293.75,88.00,140,19,92.33,95.31,NORMAL_IMPACT
Spring,Rainy,Furniture,S002,East,1704,72923.62,94.67,157,16,94.21,100.49,NORMAL_IMPACT
Spring,Rainy,Furniture,S003,East,1643,72647.90,96.65,143,14,91.26,105.91,NORMAL_IMPACT
Spring,Rainy,Furniture,S003,South,2071,101504.74,98.62,151,20,93.86,105.07,NORMAL_IMPACT
Spring,Rainy,Furniture,S003,North,1553,77922.55,91.35,138,17,94.27,96.90,NORMAL_IMPACT
Spring,Rainy,Furniture,S002,West,2369,139213.13,94.76,144,23,93.27,101.59,NORMAL_IMPACT
Spring,Rainy,Furniture,S002,South,2531,142720.62,97.35,137,25,95.83,101.59,NORMAL_IMPACT
Spring,Rainy,Furniture,S002,North,2708,125851.96,90.27,132,25,90.89,99.32,NORMAL_IMPACT
Spring,Rainy,Furniture,S001,West,1859,96774.00,97.84,140,18,95.26,102.71,NORMAL_IMPACT
Spring,Snowy,Furniture,S005,West,1716,82191.99,90.32,139,18,93.88,96.21,NORMAL_IMPACT
Spring,Snowy,Furniture,S005,South,2429,123464.48,89.96,138,20,90.13,99.81,NORMAL_IMPACT
Spring,Snowy,Furniture,S005,North,1867,77137.02,103.72,138,15,96.21,107.81,NORMAL_IMPACT
Spring,Snowy,Furniture,S005,East,2222,116822.77,105.81,140,20,95.71,110.55,NORMAL_IMPACT
Spring,Snowy,Furniture,S004,West,2527,124782.08,87.14,141,22,93.49,93.21,NORMAL_IMPACT
Spring,Snowy,Furniture,S004,South,2592,134152.10,99.69,142,20,95.29,104.62,NORMAL_IMPACT
Spring,Snowy,Furniture,S001,North,2297,97442.14,95.71,143,22,95.39,100.34,NORMAL_IMPACT
Spring,Snowy,Furniture,S004,North,1440,78019.10,84.71,131,16,91.11,92.97,NORMAL_IMPACT
Spring,Snowy,Furniture,S001,East,1981,103416.08,86.13,139,20,94.47,91.17,NORMAL_IMPACT
Spring,Snowy,Furniture,S001,South,2455,123897.57,87.68,135,20,92.33,94.96,NORMAL_IMPACT
Spring,Snowy,Furniture,S001,West,2411,110410.20,104.83,162,20,95.26,110.04,NORMAL_IMPACT
Spring,Snowy,Furniture,S002,East,1829,84813.31,96.26,143,17,94.21,102.18,NORMAL_IMPACT
Spring,Snowy,Furniture,S002,North,2506,111844.99,92.81,129,24,90.89,102.12,NORMAL_IMPACT
Spring,Snowy,Furniture,S002,West,2076,105913.24,83.04,143,25,93.27,89.03,NORMAL_IMPACT
Spring,Snowy,Furniture,S003,East,2262,114894.38,90.48,142,23,91.26,99.15,NORMAL_IMPACT
Spring,Snowy,Furniture,S003,North,1853,96165.48,92.65,139,17,94.27,98.28,NORMAL_IMPACT
Spring,Snowy,Furniture,S003,South,2332,109103.84,97.17,142,20,93.86,103.53,NORMAL_IMPACT
Spring,Snowy,Furniture,S003,West,2826,127475.57,91.16,148,27,91.99,99.10,NORMAL_IMPACT
Spring,Snowy,Furniture,S004,East,1717,92968.12,95.39,142,15,93.98,101.50,NORMAL_IMPACT
Spring,Snowy,Furniture,S002,South,1570,83284.15,92.35,134,15,95.83,96.38,NORMAL_IMPACT
Spring,Sunny,Furniture,S004,South,2395,137132.25,104.13,153,18,95.29,109.28,NORMAL_IMPACT
Spring,Sunny,Furniture,S001,East,2571,143753.23,91.82,150,26,94.47,97.19,NORMAL_IMPACT
Spring,Sunny,Furniture,S001,North,2280,115144.32,99.13,142,19,95.39,103.92,NORMAL_IMPACT
Spring,Sunny,Furniture,S001,South,2438,129951.89,110.82,166,17,92.33,120.02,HIGH_IMPACT
Spring,Sunny,Furniture,S001,West,1901,107063.36,100.05,156,19,95.26,105.03,NORMAL_IMPACT
Spring,Sunny,Furniture,S002,East,3126,156674.84,100.84,150,25,94.21,107.04,NORMAL_IMPACT
Spring,Sunny,Furniture,S002,North,2221,124268.22,105.76,160,18,90.89,116.37,NORMAL_IMPACT
Spring,Sunny,Furniture,S002,South,2197,96643.82,91.54,141,21,95.83,95.53,NORMAL_IMPACT
Spring,Sunny,Furniture,S002,West,1716,85504.43,95.33,155,16,93.27,102.21,NORMAL_IMPACT
Spring,Sunny,Furniture,S003,East,2198,107260.82,87.92,120,25,91.26,96.34,NORMAL_IMPACT
Spring,Sunny,Furniture,S003,North,1807,92413.49,95.11,157,16,94.27,100.88,NORMAL_IMPACT
Spring,Sunny,Furniture,S005,West,1941,111712.37,102.16,143,18,93.88,108.82,NORMAL_IMPACT
Spring,Sunny,Furniture,S003,South,2755,124320.19,105.96,150,23,93.86,112.90,NORMAL_IMPACT
Spring,Sunny,Furniture,S003,West,1942,79389.66,97.10,144,18,91.99,105.56,NORMAL_IMPACT
Spring,Sunny,Furniture,S004,East,1783,107953.27,104.88,157,16,93.98,111.60,NORMAL_IMPACT
Spring,Sunny,Furniture,S004,West,3409,205824.17,100.26,157,30,93.49,107.25,NORMAL_IMPACT
Spring,Sunny,Furniture,S005,East,2534,132048.70,97.46,145,23,95.71,101.83,NORMAL_IMPACT
Spring,Sunny,Furniture,S005,North,2205,120648.52,100.23,155,18,96.21,104.17,NORMAL_IMPACT
Spring,Sunny,Furniture,S005,South,3066,160589.80,98.90,145,26,90.13,109.73,NORMAL_IMPACT
Spring,Sunny,Furniture,S004,North,2141,115974.29,89.21,132,20,91.11,97.91,NORMAL_IMPACT
Summer,Cloudy,Furniture,S003,South,3207,174075.88,89.08,137,31,93.86,94.91,NORMAL_IMPACT
Summer,Cloudy,Furniture,S003,West,2471,124376.52,88.25,142,23,91.99,95.94,NORMAL_IMPACT
Summer,Cloudy,Furniture,S004,East,3583,188581.61,105.38,149,32,93.98,112.13,NORMAL_IMPACT
Summer,Cloudy,Furniture,S004,North,3984,192425.76,94.86,145,34,91.11,104.11,NORMAL_IMPACT
Summer,Cloudy,Furniture,S004,South,3375,163287.08,99.26,141,30,95.29,104.17,NORMAL_IMPACT
Summer,Cloudy,Furniture,S004,West,3907,207953.63,97.68,144,35,93.49,104.48,NORMAL_IMPACT
Summer,Cloudy,Furniture,S005,East,3118,138083.61,91.71,131,32,95.71,95.81,NORMAL_IMPACT
Summer,Cloudy,Furniture,S005,North,3230,165476.27,95.00,145,27,96.21,98.74,NORMAL_IMPACT
Summer,Cloudy,Furniture,S005,South,2825,157947.17,88.28,115,28,90.13,97.94,NORMAL_IMPACT
Summer,Cloudy,Furniture,S005,West,2401,110116.94,92.35,137,22,93.88,98.37,NORMAL_IMPACT
Summer,Cloudy,Furniture,S002,North,2820,164848.93,97.24,147,26,90.89,106.99,NORMAL_IMPACT
Summer,Cloudy,Furniture,S001,East,3160,172522.79,92.94,147,29,94.47,98.38,NORMAL_IMPACT
Summer,Cloudy,Furniture,S001,North,2933,146961.21,91.66,142,27,95.39,96.09,NORMAL_IMPACT
Summer,Cloudy,Furniture,S001,South,3470,176288.42,102.06,153,28,92.33,110.53,NORMAL_IMPACT
Summer,Cloudy,Furniture,S001,West,2616,124364.11,93.43,137,26,95.26,98.08,NORMAL_IMPACT
Summer,Cloudy,Furniture,S002,East,3665,169163.37,99.05,152,29,94.21,105.15,NORMAL_IMPACT
Summer,Cloudy,Furniture,S002,South,4406,247590.75,95.78,137,41,95.83,99.96,NORMAL_IMPACT
Summer,Cloudy,Furniture,S002,West,3919,228717.33,95.59,143,35,93.27,102.48,NORMAL_IMPACT
Summer,Cloudy,Furniture,S003,East,2789,132328.23,87.16,136,27,91.26,95.51,NORMAL_IMPACT
Summer,Cloudy,Furniture,S003,North,2843,135814.40,91.71,140,29,94.27,97.28,NORMAL_IMPACT
Summer,Rainy,Furniture,S001,East,3568,205049.41,96.43,145,30,94.47,102.07,NORMAL_IMPACT
Summer,Rainy,Furniture,S001,North,2982,132951.19,90.36,136,29,95.39,94.73,NORMAL_IMPACT
Summer,Rainy,Furniture,S001,South,2791,125897.65,99.68,147,25,92.33,107.96,NORMAL_IMPACT
Summer,Rainy,Furniture,S001,West,3344,163035.61,85.74,125,31,95.26,90.01,NORMAL_IMPACT
Summer,Rainy,Furniture,S002,East,3359,193492.08,90.78,133,31,94.21,96.37,NORMAL_IMPACT
Summer,Rainy,Furniture,S003,South,3208,143959.46,82.26,130,27,93.86,87.64,NORMAL_IMPACT
Summer,Rainy,Furniture,S002,North,2719,130689.07,100.70,143,25,90.89,110.80,NORMAL_IMPACT
Summer,Rainy,Furniture,S002,South,3535,186156.54,98.19,152,31,95.83,102.47,NORMAL_IMPACT
Summer,Rainy,Furniture,S002,West,2510,110344.20,92.96,133,25,93.27,99.67,NORMAL_IMPACT
Summer,Rainy,Furniture,S005,West,3050,140065.90,95.31,143,29,93.88,101.53,NORMAL_IMPACT
Summer,Rainy,Furniture,S005,South,2717,138734.16,90.57,134,27,90.13,100.48,NORMAL_IMPACT
Summer,Rainy,Furniture,S005,North,3534,180613.78,100.97,147,30,96.21,104.95,NORMAL_IMPACT
Summer,Rainy,Furniture,S004,West,2973,161334.25,95.90,146,25,93.49,102.58,NORMAL_IMPACT
Summer,Rainy,Furniture,S004,South,2952,146622.47,98.40,150,29,95.29,103.27,NORMAL_IMPACT
Summer,Rainy,Furniture,S004,North,3796,218512.06,94.90,147,32,91.11,104.15,NORMAL_IMPACT
Summer,Rainy,Furniture,S005,East,2867,159181.00,84.32,132,30,95.71,88.10,NORMAL_IMPACT
Summer,Rainy,Furniture,S004,East,4057,207781.63,96.60,141,34,93.98,102.78,NORMAL_IMPACT
Summer,Rainy,Furniture,S003,West,3197,150424.20,96.88,142,28,91.99,105.32,NORMAL_IMPACT
Summer,Rainy,Furniture,S003,East,2429,131388.83,89.96,145,20,91.26,98.58,NORMAL_IMPACT
Summer,Rainy,Furniture,S003,North,2846,143408.61,94.87,148,25,94.27,100.63,NORMAL_IMPACT
Summer,Snowy,Furniture,S005,North,4256,205483.84,96.73,144,37,96.21,100.54,NORMAL_IMPACT
Summer,Snowy,Furniture,S005,East,2817,140219.49,97.14,139,26,95.71,101.49,NORMAL_IMPACT
Summer,Snowy,Furniture,S004,South,4103,199442.04,100.07,146,33,95.29,105.02,NORMAL_IMPACT
Summer,Snowy,Furniture,S004,North,3133,169787.63,97.91,146,28,91.11,107.45,NORMAL_IMPACT
Summer,Snowy,Furniture,S004,East,3333,178541.54,98.03,148,26,93.98,104.30,NORMAL_IMPACT
Summer,Snowy,Furniture,S003,West,3083,164643.98,85.64,132,29,91.99,93.10,NORMAL_IMPACT
Summer,Snowy,Furniture,S003,South,4175,210692.18,97.09,148,36,93.86,103.45,NORMAL_IMPACT
Summer,Snowy,Furniture,S003,East,2650,131435.01,85.48,143,29,91.26,93.67,NORMAL_IMPACT
Summer,Snowy,Furniture,S002,East,3841,193399.68,91.45,150,34,94.21,97.08,NORMAL_IMPACT
Summer,Snowy,Furniture,S003,North,2823,139632.57,91.06,142,25,94.27,96.60,NORMAL_IMPACT
Summer,Snowy,Furniture,S004,West,3489,194690.78,94.30,147,32,93.49,100.87,NORMAL_IMPACT
Summer,Snowy,Furniture,S002,West,3150,139578.31,90.00,142,27,93.27,96.49,NORMAL_IMPACT
Summer,Snowy,Furniture,S002,South,3118,158063.94,100.58,151,29,95.83,104.96,NORMAL_IMPACT
Summer,Snowy,Furniture,S002,North,2595,137158.38,86.50,142,28,90.89,95.17,NORMAL_IMPACT
Summer,Snowy,Furniture,S001,West,4378,227222.80,91.21,139,39,95.26,95.75,NORMAL_IMPACT
Summer,Snowy,Furniture,S001,South,2276,135809.38,81.29,125,23,92.33,88.04,NORMAL_IMPACT
Summer,Snowy,Furniture,S001,North,3143,141805.35,98.22,137,30,95.39,102.97,NORMAL_IMPACT
Summer,Snowy,Furniture,S001,East,3142,128295.41,95.21,141,29,94.47,100.78,NORMAL_IMPACT
Summer,Snowy,Furniture,S005,West,3638,192742.10,98.32,145,30,93.88,104.74,NORMAL_IMPACT
Summer,Snowy,Furniture,S005,South,2819,145409.56,88.09,137,26,90.13,97.74,NORMAL_IMPACT
Summer,Sunny,Furniture,S003,North,2626,155440.27,101.00,147,22,94.27,107.14,NORMAL_IMPACT
Summer,Sunny,Furniture,S003,East,3720,184892.81,90.73,139,34,91.26,99.42,NORMAL_IMPACT
Summer,Sunny,Furniture,S002,West,3392,162142.89,91.68,141,32,93.27,98.29,NORMAL_IMPACT
Summer,Sunny,Furniture,S002,South,3733,175485.31,100.89,154,32,95.83,105.29,NORMAL_IMPACT
Summer,Sunny,Furniture,S002,North,2201,103555.52,81.52,127,24,90.89,89.69,NORMAL_IMPACT
Summer,Sunny,Furniture,S002,East,3159,160803.33,95.73,145,29,94.21,101.62,NORMAL_IMPACT
Summer,Sunny,Furniture,S001,West,3563,171473.48,104.79,153,29,95.26,110.01,NORMAL_IMPACT
Summer,Sunny,Furniture,S001,East,3285,165153.70,91.25,142,30,94.47,96.59,NORMAL_IMPACT
Summer,Sunny,Furniture,S005,West,3385,161813.19,99.56,151,32,93.88,106.05,NORMAL_IMPACT
Summer,Sunny,Furniture,S005,South,3953,204906.08,96.41,148,33,90.13,106.97,NORMAL_IMPACT
Summer,Sunny,Furniture,S003,South,4125,214002.47,93.75,145,38,93.86,99.89,NORMAL_IMPACT
Summer,Sunny,Furniture,S003,West,3995,221414.65,90.80,137,36,91.99,98.71,NORMAL_IMPACT
Summer,Sunny,Furniture,S001,South,3819,187362.98,93.15,140,33,92.33,100.88,NORMAL_IMPACT
Summer,Sunny,Furniture,S004,East,2053,98699.34,82.12,139,21,93.98,87.38,NORMAL_IMPACT
Summer,Sunny,Furniture,S004,North,3093,175447.70,90.97,139,29,91.11,99.84,NORMAL_IMPACT
Summer,Sunny,Furniture,S004,South,2590,136065.69,103.60,155,22,95.29,108.72,NORMAL_IMPACT
Summer,Sunny,Furniture,S004,West,3086,146460.86,99.55,149,27,93.49,106.48,NORMAL_IMPACT
Summer,Sunny,Furniture,S005,East,3206,170271.34,94.29,151,30,95.71,98.52,NORMAL_IMPACT
Summer,Sunny,Furniture,S001,North,3061,158066.61,87.46,139,30,95.39,91.69,NORMAL_IMPACT
Summer,Sunny,Furniture,S005,North,4152,210633.95,94.36,135,35,96.21,98.08,NORMAL_IMPACT
Winter,Cloudy,Furniture,S003,South,3960,209896.40,92.09,139,39,93.86,98.12,NORMAL_IMPACT
Winter,Cloudy,Furniture,S003,West,5748,290571.29,94.23,145,46,91.99,102.44,NORMAL_IMPACT
Winter,Cloudy,Furniture,S004,East,3247,179970.72,87.76,132,31,93.98,93.37,NORMAL_IMPACT
Winter,Cloudy,Furniture,S004,North,4842,213697.88,91.36,134,41,91.11,100.27,NORMAL_IMPACT
Winter,Cloudy,Furniture,S004,South,4718,244863.57,96.29,147,39,95.29,101.05,NORMAL_IMPACT
Winter,Cloudy,Furniture,S004,West,3662,170690.32,91.55,127,38,93.49,97.93,NORMAL_IMPACT
Winter,Cloudy,Furniture,S005,East,5355,267212.21,93.95,152,49,95.71,98.16,NORMAL_IMPACT
Winter,Cloudy,Furniture,S005,North,3075,150933.74,93.18,140,30,96.21,96.85,NORMAL_IMPACT
Winter,Cloudy,Furniture,S005,South,3951,199043.70,89.80,141,38,90.13,99.62,NORMAL_IMPACT
Winter,Cloudy,Furniture,S005,West,4476,234013.77,93.25,142,40,93.88,99.33,NORMAL_IMPACT
Winter,Cloudy,Furniture,S002,North,3926,205372.42,87.24,133,38,90.89,95.99,NORMAL_IMPACT
Winter,Cloudy,Furniture,S001,East,4851,213729.28,91.53,137,47,94.47,96.88,NORMAL_IMPACT
Winter,Cloudy,Furniture,S001,North,4967,232096.12,95.52,144,41,95.39,100.14,NORMAL_IMPACT
Winter,Cloudy,Furniture,S001,South,4859,257567.91,88.35,138,41,92.33,95.68,NORMAL_IMPACT
Winter,Cloudy,Furniture,S001,West,4611,255873.00,88.67,135,41,95.26,93.09,NORMAL_IMPACT
Winter,Cloudy,Furniture,S002,East,3980,172636.76,94.76,154,35,94.21,100.59,NORMAL_IMPACT
Winter,Cloudy,Furniture,S002,South,4402,224583.55,93.66,142,42,95.83,97.74,NORMAL_IMPACT
Winter,Cloudy,Furniture,S002,West,4371,230714.44,85.71,130,42,93.27,91.89,NORMAL_IMPACT
Winter,Cloudy,Furniture,S003,East,4817,230760.84,94.45,148,40,91.26,103.50,NORMAL_IMPACT
Winter,Cloudy,Furniture,S003,North,3992,189137.89,92.84,141,41,94.27,98.48,NORMAL_IMPACT
Winter,Rainy,Furniture,S004,West,5012,261982.67,86.41,131,51,93.49,92.43,NORMAL_IMPACT
Winter,Rainy,Furniture,S001,East,4106,199456.51,85.54,134,40,94.47,90.55,NORMAL_IMPACT
Winter,Rainy,Furniture,S004,North,3378,132957.69,82.39,129,33,91.11,90.43,NORMAL_IMPACT
Winter,Rainy,Furniture,S004,East,3597,177463.80,89.93,140,34,93.98,95.68,NORMAL_IMPACT
Winter,Rainy,Furniture,S003,West,4752,250292.02,96.98,149,44,91.99,105.43,NORMAL_IMPACT
Winter,Rainy,Furniture,S001,North,3883,232356.00,90.30,149,35,95.39,94.67,NORMAL_IMPACT
Winter,Rainy,Furniture,S003,South,4576,249578.41,88.00,140,45,93.86,93.76,NORMAL_IMPACT
Winter,Rainy,Furniture,S005,West,3627,186712.92,90.68,138,36,93.88,96.59,NORMAL_IMPACT
Winter,Rainy,Furniture,S005,South,3221,152937.18,82.59,123,36,90.13,91.63,NORMAL_IMPACT
Winter,Rainy,Furniture,S005,North,3995,178734.24,92.91,149,35,96.21,96.57,NORMAL_IMPACT
Winter,Rainy,Furniture,S005,East,3940,214702.49,93.81,144,36,95.71,98.01,NORMAL_IMPACT
Winter,Rainy,Furniture,S003,North,4334,192029.38,96.31,140,40,94.27,102.16,NORMAL_IMPACT
Winter,Rainy,Furniture,S003,East,4471,253178.89,93.15,137,44,91.26,102.07,NORMAL_IMPACT
Winter,Rainy,Furniture,S002,West,4047,208545.45,96.36,144,35,93.27,103.30,NORMAL_IMPACT
Winter,Rainy,Furniture,S002,South,4543,234388.85,94.65,146,43,95.83,98.77,NORMAL_IMPACT
Winter,Rainy,Furniture,S002,North,5754,297358.22,87.18,137,52,90.89,95.92,NORMAL_IMPACT
Winter,Rainy,Furniture,S002,East,4067,218609.14,88.41,137,40,94.21,93.85,NORMAL_IMPACT
Winter,Rainy,Furniture,S001,West,3197,159823.16,88.81,129,31,95.26,93.23,NORMAL_IMPACT
Winter,Rainy,Furniture,S001,South,4689,222396.14,106.57,157,39,92.33,115.42,NORMAL_IMPACT
Winter,Rainy,Furniture,S004,South,4037,207174.27,96.12,146,39,95.29,100.87,NORMAL_IMPACT
Winter,Snowy,Furniture,S005,West,4777,233342.45,86.85,138,46,93.88,92.52,NORMAL_IMPACT
Winter,Snowy,Furniture,S005,South,3672,201989.12,94.15,143,34,90.13,104.46,NORMAL_IMPACT
Winter,Snowy,Furniture,S005,North,5201,274903.09,89.67,138,48,96.21,93.20,NORMAL_IMPACT
Winter,Snowy,Furniture,S005,East,5430,271235.62,100.56,150,46,95.71,105.06,NORMAL_IMPACT
Winter,Snowy,Furniture,S004,South,3736,193167.40,86.88,136,34,95.29,91.18,NORMAL_IMPACT
Winter,Snowy,Furniture,S004,North,3799,213916.92,99.97,148,33,91.11,109.72,NORMAL_IMPACT
Winter,Snowy,Furniture,S004,East,3952,195524.05,89.82,139,38,93.98,95.57,NORMAL_IMPACT
Winter,Snowy,Furniture,S003,West,4457,204137.45,89.14,137,42,91.99,96.91,NORMAL_IMPACT
Winter,Snowy,Furniture,S003,South,3042,154176.73,86.91,129,31,93.86,92.60,NORMAL_IMPACT
Winter,Snowy,Furniture,S003,North,3289,191310.73,88.89,137,33,94.27,94.29,NORMAL_IMPACT
Winter,Snowy,Furniture,S004,West,3161,151145.99,95.79,139,31,93.49,102.46,NORMAL_IMPACT
Winter,Snowy,Furniture,S003,East,4117,246419.92,98.02,144,37,91.26,107.41,NORMAL_IMPACT
Winter,Snowy,Furniture,S002,West,2884,146816.47,87.39,140,31,93.27,93.70,NORMAL_IMPACT
Winter,Snowy,Furniture,S002,South,3856,172931.07,91.81,135,38,95.83,95.81,NORMAL_IMPACT
Winter,Snowy,Furniture,S002,North,3858,214223.20,94.10,145,36,90.89,103.53,NORMAL_IMPACT
Winter,Snowy,Furniture,S002,East,4380,209834.40,97.33,148,36,94.21,103.32,NORMAL_IMPACT
Winter,Snowy,Furniture,S001,West,3685,194946.39,92.13,141,38,95.26,96.71,NORMAL_IMPACT
Winter,Snowy,Furniture,S001,East,4570,226107.76,101.56,153,39,94.47,107.50,NORMAL_IMPACT
Winter,Snowy,Furniture,S001,South,3334,151628.04,95.26,147,31,92.33,103.17,NORMAL_IMPACT
Winter,Snowy,Furniture,S001,North,3976,198480.33,90.36,140,37,95.39,94.73,NORMAL_IMPACT
Winter,Sunny,Furniture,S003,North,4409,196609.80,100.20,155,38,94.27,106.29,NORMAL_IMPACT
Winter,Sunny,Furniture,S003,South,3425,173463.65,87.82,128,32,93.86,93.57,NORMAL_IMPACT
Winter,Sunny,Furniture,S003,West,4376,237409.43,91.17,128,38,91.99,99.11,NORMAL_IMPACT
Winter,Sunny,Furniture,S001,North,3929,204061.71,100.74,147,36,95.39,105.61,NORMAL_IMPACT
Winter,Sunny,Furniture,S005,West,3694,184238.43,99.84,152,35,93.88,106.35,NORMAL_IMPACT
Winter,Sunny,Furniture,S005,South,3832,196081.70,89.12,132,39,90.13,98.87,NORMAL_IMPACT
Winter,Sunny,Furniture,S005,North,4679,265955.03,91.75,146,45,96.21,95.36,NORMAL_IMPACT
Winter,Sunny,Furniture,S005,East,4529,256649.90,105.33,149,37,95.71,110.04,NORMAL_IMPACT
Winter,Sunny,Furniture,S004,West,4800,224712.38,85.71,128,43,93.49,91.68,NORMAL_IMPACT
Winter,Sunny,Furniture,S004,North,4614,235085.80,94.16,145,41,91.11,103.35,NORMAL_IMPACT
Winter,Sunny,Furniture,S004,South,4278,205100.96,99.49,151,38,95.29,104.41,NORMAL_IMPACT
Winter,Sunny,Furniture,S004,East,5288,273033.46,88.13,141,49,93.98,93.78,NORMAL_IMPACT
Winter,Sunny,Furniture,S002,North,2449,127634.04,81.63,129,27,90.89,89.82,NORMAL_IMPACT
Winter,Sunny,Furniture,S001,East,4190,198641.09,91.09,143,41,94.47,96.42,NORMAL_IMPACT
Winter,Sunny,Furniture,S001,South,4377,201840.01,87.54,140,42,92.33,94.81,NORMAL_IMPACT
Winter,Sunny,Furniture,S001,West,4336,233348.05,98.55,142,38,95.26,103.45,NORMAL_IMPACT
Winter,Sunny,Furniture,S002,East,5087,263396.61,99.75,152,42,94.21,105.88,NORMAL_IMPACT
Winter,Sunny,Furniture,S002,South,5165,259135.76,105.41,149,43,95.83,110.00,NORMAL_IMPACT
Winter,Sunny,Furniture,S002,West,4536,206457.13,94.50,146,41,93.27,101.31,NORMAL_IMPACT
Winter,Sunny,Furniture,S003,East,3573,219546.00,91.62,140,32,91.26,100.39,NORMAL_IMPACT
Autumn,Cloudy,Groceries,S001,South,736,45089.27,81.78,116,9,103.67,78.88,LOW_IMPACT
Autumn,Cloudy,Groceries,S005,East,990,41490.73,99.00,154,10,104.47,94.76,NORMAL_IMPACT
Autumn,Cloudy,Groceries,S001,North,581,30162.84,72.63,134,8,97.80,74.26,LOW_IMPACT
Autumn,Cloudy,Groceries,S003,South,828,40478.99,82.80,122,10,99.67,83.07,NORMAL_IMPACT
Autumn,Cloudy,Groceries,S003,West,1916,99281.69,100.84,144,19,102.95,97.95,NORMAL_IMPACT
Autumn,Cloudy,Groceries,S004,East,1370,81870.98,97.86,142,13,99.15,98.69,NORMAL_IMPACT
Autumn,Cloudy,Groceries,S004,North,1037,43337.12,103.70,179,10,102.95,100.73,NORMAL_IMPACT
Autumn,Cloudy,Groceries,S004,South,741,43784.60,74.10,126,10,100.68,73.60,LOW_IMPACT
Autumn,Cloudy,Groceries,S004,West,867,53470.91,86.70,132,10,101.31,85.58,NORMAL_IMPACT
Autumn,Cloudy,Groceries,S005,North,1302,72253.50,93.00,142,14,104.19,89.26,NORMAL_IMPACT
Autumn,Cloudy,Groceries,S005,South,939,47379.14,85.36,121,11,106.50,80.15,NORMAL_IMPACT
Autumn,Cloudy,Groceries,S003,North,1353,72737.64,90.20,134,15,103.88,86.83,NORMAL_IMPACT
Autumn,Cloudy,Groceries,S003,East,762,46729.40,76.20,123,10,97.22,78.38,LOW_IMPACT
Autumn,Cloudy,Groceries,S002,West,1196,62629.17,85.43,124,13,101.94,83.81,NORMAL_IMPACT
Autumn,Cloudy,Groceries,S002,South,1374,75137.76,91.60,146,14,96.86,94.57,NORMAL_IMPACT
Autumn,Cloudy,Groceries,S002,North,758,30433.30,94.75,143,8,102.18,92.73,NORMAL_IMPACT
Autumn,Cloudy,Groceries,S002,East,861,37744.98,95.67,130,9,104.01,91.98,NORMAL_IMPACT
Autumn,Cloudy,Groceries,S001,West,926,45374.96,92.60,154,9,98.47,94.04,NORMAL_IMPACT
Autumn,Cloudy,Groceries,S001,East,1255,68392.58,83.67,139,14,96.30,86.88,NORMAL_IMPACT
Autumn,Cloudy,Groceries,S005,West,2326,127689.43,96.92,145,23,98.24,98.65,NORMAL_IMPACT
Autumn,Rainy,Groceries,S003,North,920,52439.42,83.64,141,11,103.88,80.51,NORMAL_IMPACT
Autumn,Rainy,Groceries,S003,East,1422,70296.24,94.80,145,15,97.22,97.51,NORMAL_IMPACT
Autumn,Rainy,Groceries,S002,West,1632,96593.95,102.00,151,16,101.94,100.06,NORMAL_IMPACT
Autumn,Rainy,Groceries,S002,South,939,51433.69,85.36,137,10,96.86,88.13,NORMAL_IMPACT
Autumn,Rainy,Groceries,S002,North,1131,72914.09,102.82,139,11,102.18,100.63,NORMAL_IMPACT
Autumn,Rainy,Groceries,S002,East,465,21930.09,93.00,125,5,104.01,89.41,NORMAL_IMPACT
Autumn,Rainy,Groceries,S001,West,927,51818.78,92.70,160,9,98.47,94.14,NORMAL_IMPACT
Autumn,Rainy,Groceries,S004,South,1466,86126.82,86.24,122,16,100.68,85.65,NORMAL_IMPACT
Autumn,Rainy,Groceries,S001,North,1664,81083.19,92.44,151,18,97.80,94.53,NORMAL_IMPACT
Autumn,Rainy,Groceries,S001,East,709,39503.57,88.63,150,8,96.30,92.03,NORMAL_IMPACT
Autumn,Rainy,Groceries,S005,West,849,42675.83,121.29,155,7,98.24,123.46,HIGH_IMPACT
Autumn,Rainy,Groceries,S005,South,848,42009.13,84.80,124,10,106.50,79.62,LOW_IMPACT
Autumn,Rainy,Groceries,S005,North,1128,51755.03,86.77,110,11,104.19,83.28,NORMAL_IMPACT
Autumn,Rainy,Groceries,S005,East,937,46652.96,85.18,147,10,104.47,81.54,NORMAL_IMPACT
Autumn,Rainy,Groceries,S004,West,1077,69908.17,107.70,157,10,101.31,106.30,NORMAL_IMPACT
Autumn,Rainy,Groceries,S004,North,855,43906.59,85.50,133,10,102.95,83.05,NORMAL_IMPACT
Autumn,Rainy,Groceries,S004,East,802,41616.04,80.20,126,9,99.15,80.89,NORMAL_IMPACT
Autumn,Rainy,Groceries,S003,West,1026,44323.42,93.27,148,10,102.95,90.60,NORMAL_IMPACT
Autumn,Rainy,Groceries,S003,South,645,35820.51,92.14,137,6,99.67,92.45,NORMAL_IMPACT
Autumn,Rainy,Groceries,S001,South,1603,93330.97,89.06,119,18,103.67,85.90,NORMAL_IMPACT
